rowID,superfamily,family,santos2016_source,daly2005_identifier,pf_alkaloid,Compound_Name,row.m.z,row.retention.time,AABE11_9554_6252020_10.CDF,AABE11_9402_622020_2.CDF,AABE11_9495_6122020_7.CDF,AABE11_9507_6132020_10.CDF,AABE11_9746_7252020_16.CDF,AABE11_9588_6262020_12.CDF,AABE11_9420_632020_14.CDF,AABE11_9411_632020_1.CDF,AABE11_9557_6252020_15.CDF,AABE11_9465_692020_8.CDF,AABE11_9468_692020_13.CDF,AABE11_9766_7312020_16.CDF,AABE11_9738_7252020_4.CDF,AABE11_9516_6142020_8.CDF,AABE11_9409_622020_13.CDF,AABE11_9483_692020_19.CDF,AABE11_9392_5282020_2.CDF,AABE11_9757_7312020_3.CDF,AABE11_9591_6262020_15.CDF,AABE11_9512_6142020_2.CDF,AABE11_9618_7132020_7.CDF,AABE11_9419_632020_13.CDF,AABE11_9500_6122020_14.CDF,AABE11_9505_6132020_7.CDF,AABE11_9638_7212020_3.CDF,AABE11_9396_5282020_8.CDF,AABE11_9517_6142020_10.CDF,AABE11_9400_5282020_14.CDF,AABE11_9760_7312020_7.CDF,AABE11_9416_632020_8.CDF,AABE11_9558_6252020_16.CDF,AABE11_9466_692020_10.CDF,AABE11_9621_7132020_12.CDF,AABE11_9700_7232020_7.CDF,AABE11_9404_622020_5.CDF,AABE11_9737_7252020_3.CDF,AABE11_9497_6122020_10.CDF,AABE11_9753_7302020_12.CDF,AABE11_9758_7312020_4.CDF,AABE11_9736_7242020_16.CDF,AABE11_9522_6232020_2.CDF,AABE11_9616_7132020_4.CDF,AABE11_9417_632020_10.CDF,AABE11_9644_7212020_12.CDF,AABE11_9680_7222020_4.CDF,AABE11_9481_692020_16.CDF,AABE11_9535_6242020_7.CDF,AABE11_9529_6232020_12.CDF,AABE11_9526_6232020_8.CDF,AABE11_9625_7142020_3.CDF,AABE11_9550_6252020_4.CDF,AABE11_9631_7142020_12.CDF,AABE11_9594_792020_6.CDF,AABE11_9488_692020_26.CDF,AABE11_9583_6262020_4.CDF,AABE11_9460_692020_1.CDF,AABE11_9528_6232020_11.CDF,AABE11_9407_622020_10.CDF,AABE11_9685_7222020_12.CDF,AABE11_9641_7212020_7.CDF,AABE11_9688_7222020_16.CDF,AABE11_9741_7252020_9.CDF,AABE11_9533_6242020_4.CDF,AABE11_9765_7312020_15.CDF,AABE11_9696_7232020_3.CDF,AABE11_9494_6122020_5.CDF,AABE11_9486_692020_23.CDF,AABE11_9585_6262020_7.CDF,AABE11_9464_692020_7.CDF,AABE11_9418_632020_11.CDF,AABE11_9553_6252020_9.CDF,AABE11_9679_7222020_3.CDF,AABE11_9397_5282020_10.CDF,AABE11_9504_6132020_5.CDF,AABE11_9403_622020_4.CDF,AABE11_9745_7252020_15.CDF,AABE11_9702_7232020_9.CDF,AABE11_9555_6252020_12.CDF,AABE11_9739_7252020_6.CDF,AABE11_9410_622020_14.CDF,AABE11_9683_7222020_9.CDF,AABE11_9731_7242020_9.CDF,AABE11_9408_622020_11.CDF,AABE11_9647_7212020_16.CDF,AABE11_9630_7142020_10.CDF,AABE11_9759_7312020_6.CDF,AABE11_9415_632020_7.CDF,AABE11_9751_7302020_9.CDF,AABE11_9684_7222020_10.CDF,AABE11_9754_7302020_13.CDF,AABE11_9705_7232020_13.CDF,AABE11_9646_7212020_15.CDF,AABE11_9601_792020_16.CDF,AABE11_9687_7222020_15.CDF,AABE11_9629_7142020_9.CDF,AABE11_9598_792020_12.CDF,AABE11_9595_792020_7.CDF,AABE11_9503_6132020_4.CDF,AABE11_9633_7142020_15.CDF,AABE11_9391_5282020_1.CDF,AABE11_9493_6122020_4.CDF,AABE11_9623_7132020_15.CDF,AABE11_9587_6262020_10.CDF,AABE11_9551_6252020_6.CDF,AABE11_9752_7302020_10.CDF,AABE11_9530_6232020_14.CDF,AABE11_9703_7232020_10.CDF,AABE11_9549_6252020_3.CDF,AABE11_9596_792020_9.CDF,AABE11_9735_7242020_15.CDF,AABE11_9617_7132020_6.CDF,AABE11_9681_7222020_6.CDF,AABE11_9539_6242020_13.CDF,AABE11_9600_792020_15.CDF,AABE11_9620_7132020_10.CDF,AABE11_9511_6142020_1.CDF,AABE11_9698_7232020_4.CDF,AABE11_9624_7132020_16.CDF,AABE11_9394_5282020_5.CDF,AABE11_9733_7242020_12.CDF,AABE11_9514_6142020_5.CDF,AABE11_9467_692020_11.CDF,AABE11_9756_7302020_16.CDF,AABE11_9518_6142020_11.CDF,AABE11_9749_7302020_6.CDF,AABE11_9706_7232020_15.CDF,AABE11_9645_7212020_13.CDF,AABE11_9485_692020_22.CDF,AABE11_9508_6132020_11.CDF,AABE11_9608_792020_19.CDF,AABE11_9527_6232020_9.CDF,AABE11_9628_7142020_7.CDF,AABE11_9534_6242020_6.CDF,AABE11_9462_692020_4.CDF,AABE11_9399_5282020_13.CDF,AABE11_9750_7302020_7.CDF,AABE11_9405_622020_7.CDF,AABE11_9523_6232020_3.CDF,AABE11_9634_7142020_16.CDF,AABE11_9643_7212020_10.CDF,AABE11_9520_6142020_14.CDF,AABE11_9524_6232020_5.CDF,AABE11_9501_6132020_1.CDF,AABE11_9743_7252020_12.CDF,AABE11_9593_792020_4.CDF,AABE11_9682_7222020_7.CDF,AABE11_9709_7232020_16.CDF,AABE11_9730_7242020_7.CDF,AABE11_9413_632020_4.CDF,AABE11_9552_6252020_7.CDF,AABE11_9592_792020_3.CDF,AABE11_9532_6242020_3.CDF,AABE11_9729_7242020_6.CDF,AABE11_9513_6142020_4.CDF,AABE11_9537_6242020_10.CDF,AABE11_9525_6232020_6.CDF,AABE11_9615_7132020_3.CDF,AABE11_9763_7312020_12.CDF,AABE11_9556_6252020_13.CDF,AABE11_9740_7252020_7.CDF,AABE11_9498_6122020_11.CDF,AABE11_9536_6242020_9.CDF,AABE11_9589_6262020_13.CDF,AABE11_9393_5282020_4.CDF,AABE11_9491_6122020_1.CDF,AABE11_9626_7142020_4.CDF,AABE11_9599_792020_13.CDF,AABE11_9515_6142020_7.CDF,AABE11_9586_6262020_9.CDF,AABE11_9489_692020_28.CDF,AABE11_9398_5282020_11.CDF,AABE11_9727_7242020_3.CDF,AABE11_9734_7242020_13.CDF,AABE11_9502_6132020_2.CDF,AABE11_9748_7302020_4.CDF,AABE11_9521_6142020_16.CDF,AABE11_9538_6242020_12.CDF,AABE11_9609_6262020_16.CDF,AABE11_9699_7232020_6.CDF,AABE11_9463_692020_5.CDF,AABE11_9531_6232020_15.CDF,AABE11_9509_6132020_13.CDF,AABE11_9582_6262020_3.CDF,AABE11_9622_7132020_13.CDF,AABE11_9642_7212020_9.CDF,AABE11_9506_6132020_8.CDF,AABE11_9395_5282020_7.CDF,AABE11_9732_7242020_10.CDF,AABE11_9414_632020_5.CDF,AABE11_9686_7222020_13.CDF,AABE11_9496_6122020_8.CDF,AABE11_9519_6142020_13.CDF,AABE11_9461_692020_2.CDF,AABE11_9632_7142020_13.CDF,AABE11_9490_692020_29.CDF,AABE11_9484_692020_20.CDF,AABE11_9406_622020_8.CDF,AABE11_9510_6132020_14.CDF,AABE11_9492_6122020_2.CDF,AABE11_9704_7232020_12.CDF,AABE11_9540_6242020_15.CDF,AABE11_9755_7302020_15.CDF,AABE11_9761_7312020_9.CDF,AABE11_9574_6242020_18.CDF,AABE11_9499_6122020_13.CDF,AABE11_9584_6262020_6.CDF,AABE11_9487_692020_25.CDF,AABE11_9548_6242020_16.CDF,AABE11_9619_7132020_9.CDF,AABE11_9602_792020_18.CDF,AABE11_9597_792020_10.CDF,AABE11_9482_692020_17.CDF,AABE11_9639_7212020_4.CDF,AABE11_9762_7312020_10.CDF,AABE11_9640_7212020_6.CDF,AABE11_9744_7252020_13.CDF,AABE11_9401_622020_1.CDF,AABE11_9627_7142020_6.CDF,AABE11_9728_7242020_4.CDF,AABE11_9412_632020_2.CDF,AABE11_9469_692020_14.CDF,AABE11_9764_7312020_13.CDF,AABE11_9742_7252020_10.CDF,AABE11_9747_7302020_3.CDF
137,indolizidine,"5,6,8-I",Mites,235E,Y,"(5R,6R,8R,8aS)-5-((Z)-Hex-3-en-1-yl)-6,8-dimethyloctahydroindolizine",0,6.62,3014.843604,0,261.8581423,23.74272033,0,260.893981,0,169.2263445,637.0589514,100.4837558,28.02002908,1.546927194,0,1004.698074,0,296.0405294,142.2418745,0,0,1252.673455,0,137.2366526,0,0,0,128.5033932,0.222905709,143.196133,0,0,68.76401657,0,0,0,173.7026192,0,0,0,0,0,0,0,0,0,0,0,12218.89039,0,0,0,4103.596867,0,0,112.8698965,0,0,192.6500639,105.8117275,0,0,0,46.06474853,0,0,0,0,52.11183049,113.8603223,137.016951,22.36843364,0,0,0,46.76489649,189.2585713,0,0,797.8452184,0,65.47169943,0,0,0,0,0,1.072335873,0,53.90007645,0.379411619,0,0,0,0,0,0,0,0,0,0,4.93146046,6.266573314,0,71.33458998,1678.580812,0,0,0,760.0725728,0,0,0,0,8166.346741,0,0,1621.073819,2.254161943,0,0,0,103.9365254,0,0,490.4694729,0,0.299182429,0,14.1233999,2590.52503,0,3.611675615,0,77048.56521,500.1526042,22021.65153,0,0,0,0,0,3259.80524,0,768.7531186,0.26273421,37.40623201,0,0,0,10.6699231,67.73471864,0,3.12599884,0,65.84896095,43.36585299,0,0,0,0,0,17.10627051,124.7182691,68.47066708,0,0,0,0,1798.966149,0,0,132.789576,0,0,0,0,2997.801353,3716.657778,0,0,0,0,1149.035804,0,0,0,1861.220165,399.3359862,0,188.9731116,0,0,562.4531579,84.5001991,0,0,0,92.04689378,0,210.0806092,0,99.3441222,0,0,0,0,0,80.23386997,2827.900928,0.960276186,0,56.87979988,0,0,0,0,0,39.28097789,0,0.895875925,0,0,0,0.720279381,0.288208636
168,quinolizidine,"1,4-Q",Mites,NA,Y,"Quinolizidine, 2-methyl-6-hexa-3,5-dienyl-",0,7.39,272.7537296,78.21988258,4376.551849,271916.5397,84.37896496,47.88659914,8.444234442,119130.2564,144.1697471,177.5057439,154.4161449,0.061631837,34.31180706,2092.663528,18.99927117,162.6739614,298.9301477,0,27.41974229,4333.454561,27.70564461,91.85386157,18603.87555,434453.3331,2.61E-07,47.47739602,12.72992369,66.95656013,0.090017344,66.26942894,161.1730782,116.1451132,11.32319749,24.15201277,106.9717872,0.105175452,154764.5228,0.744745921,3.264261903,2.05190838,79.00341643,2.145341005,116.122276,5.411162134,1.95E-05,685.3451394,231.0958313,366.1258389,49.72394973,2.645634785,318.3092647,15.32059352,51.56948131,7004.573084,91.14582036,152.1177174,125.9299084,62.10829708,1.943610622,0,0.118558977,107.2246284,7224.561174,0,0.235489828,71283.54374,180.5562208,98.46227087,86.48748508,179.2650317,471.843082,3.376951775,46.84853715,14162.72111,142.5044495,103.8764747,74.73139739,434.9670332,88.26026295,22.34689217,0.291506092,21.21896752,128.4225742,35.82798498,26.1225862,0,55.11773844,4.388777675,0.25120972,33.58235722,39.3874194,0,48.69375847,0,0.09483223,54.6384227,152.4984741,48894.70546,0.049216416,244.9778516,74.12210155,575.3300434,62.81546776,52.91617564,3.597127253,107.2337447,0,23.85327072,130.8184757,438.2983431,3.303455312,0.077100429,30.69268003,31.52472569,0,30023.13515,0.101634569,13.41568049,125.259616,41.25977292,6983.755107,61.15617345,2.163786331,5545.118267,39.04448054,0,3.449321664,76.73190539,378023.1489,94.9257588,73.54671574,2.542693405,422.7846402,128.9811869,2560290.121,3.940122047,35.9222807,29.06675448,9.57E-08,6.091880406,2690.666337,64.83637346,177183.8284,0.426296324,53.76780955,0,6.310562442,3.245954423,159.9236365,157.117664,50.44927062,90.6458682,0.045343404,4569.878946,223.9268082,77.43852342,3.391934739,0,216.6473069,11.67721518,10453.81901,79.54023811,587.0283977,249.3271282,90.67658517,13.79027402,36.43636442,5654.299586,49.03403849,2236.944271,154.9102172,3.221792661,454.3416702,62472.64994,30.85415605,5156.826108,55.26517916,84.28675885,0.453542134,134.3542926,38.92008711,159543.2543,122.4130049,0.513424913,0,274548.0594,39.19074469,63.51362981,32.18797988,9.648021706,37.65753296,176.3468632,55.67676366,0,977.8788537,10514.24442,50.63277652,11757.99223,121.5364222,16.3112183,56.59626835,55.13588945,3.468351068,68.78776008,7882.71492,39.20394234,2545.086521,107.603863,0,295.0286089,418.152952,356.2006229,0.844138543,6.07406192,0.976404281,70.45750835,100.2180591,0.033368759,19.07905943,20.65589293,531.5374175,0.026800733,56.77947391,6.435763397
170,quinolizidine,"4,6-Q",Both,195C,Y,"(4S,6R,9aR)-4-Methyl-6-propyloctahydro-1H-quinolizine",0,7.49,2393.334691,0,0,0,0,0,0,0,0,0.579787573,0.491888921,0,0,4.863791898,0,0.511999483,870.2633295,0.135496779,0,4.542003868,0,4104.705146,0,0,0,0,0,0,0,4566.861287,0,2.483545553,0,0,0.435513989,0,0.129951622,0,0,0,0.524832361,0,2.561952827,0.318235865,0,10.45284715,5.479588528,1.871032829,0.109887253,0.061627116,948.8007936,0,0,0,0,0.093959689,0,2.449392952,0,0,0,0,4851.218791,0,0,1.826712663,1.892908114,8.996698801,3.637753723,17488.74482,691.9093922,0.452001766,25506.28188,1020.13222,0,0,0,7.260795446,0,0,1.706575644,0,0,0,0,0,761.8263418,0,1.462347598,0,0,0,0,1.267437425,0,0,4.434612323,0,0.257076581,391.7135114,4.558138148,0,0,3.16666309,0,0,0,0,0,0,0.152688383,0,0.458192932,0,0.088489821,0,0,1.052221298,0,0,0,0.399250852,0,0,0,0,0,0,1.275584833,3.789679785,0.972653079,0,1832.145522,0.928474021,26.57881302,0,0,0.408713062,0.973527083,0,0,0,22.81742169,0,0,0,0,0,56846.759,4.009954628,0,2.163290969,2.904024381,0,3.427756396,0.950377565,0,0,0,0,0,1.556218263,6.135185101,8412.936776,2.357051523,0,0,3.794206917,1.310171499,0,543.7212282,0,0.992315203,1.640027364,0,15.43678885,0,0,0,2.303227179,2.301734236,8.910230573,0.579454987,0,0.164920266,0,5.44162626,0,11899.7254,0,0,0.856545337,0,0,6.103972732,0.875959407,2.429307151,1083.209295,0,0,0.293574998,3.090061387,0,0,0,0,0,0,0,0,0,0,0,0,0,0,7.10437038,0,0,96.97819451,1.715252096,0,0,0
179,indolizidine,"5,8-I",Both,209B,Y,"(5R,8R)-8-Methyl-5-pentyloctahydroindolizine",0,7.96,0,1081.059786,1971.843643,0,0,0,135.9365768,981.0336424,0,530.8163645,268.6202643,0,0,37.59496201,0,0,274883.4504,0,0,0,0,700.8268445,0,0,0,1665.130561,0,1050.671141,0,0,46.74140979,0,0,0,727.3070753,0,0,181.1840062,0,0,0,0,2368.504155,0,0,0,0,563.6948623,0,0,0,0,448.5395092,0,0,932.8694024,0,1426.356928,0,0,0,0,344.5092119,0,0,9.61490901,0,830.1086757,700.4059766,967.827554,0,0,1812.303057,0,683.4854082,0,0,0,0,147.0452795,0,0,802.7599936,0,0,0,7139.815897,0,0,1413.419986,0,0,0,487.1469813,0,0,4180.136576,0,0,3326.374246,1554.488434,0,986.3990349,0,540.215076,0,0,450.3763054,1072.167111,0,0,0,305.5017969,0,0,0,0,0,2496.17534,0,0,583.5061936,345.0928013,0,2194.457684,0,0,0,0,38.0665607,0,0,104.9539663,741.2937938,2371.23709,774.1408747,1432.251374,0,0,0,0,0,383.8426122,0,410.6594645,0,0,0,123.0646869,0,1267.540582,0,0,0,1514.466438,0,0,0,0,0,184.4720217,1920.241205,0,2296.63822,227.8896026,0,0,117.4640199,0,0,48854.70286,0,0,652.5303585,0,0,87.23217966,1372.392014,0,718.5715408,0,0,40.4173745,0,0,0,2441.103568,0,235.6428015,0,605.7747685,0,830.1699059,0,0,0,771.6971328,600.9795366,418.6601685,0,344.2329677,574.1960982,0,0,0,886.3220514,0,0,0,1853.032314,156.9028907,0,0,0,0,0,192.8890508,0,0,0,0,0,0,0
180,pyrrolidine,Pyr,Both,NA,Y,"Pyrrolidin-2-one, 5-heptyl-",0,8.03,87578.91905,362.955668,1049.217158,156001.841,4755.777591,15147.05329,184.9868848,624.6385722,151903.9772,756.0628698,1247.01276,578.6306628,5365.634547,141243.8171,609.2047433,9595.951675,4620.105526,59.65415914,13620.52297,86580.84652,89.93869587,626.7155873,747.5994839,94871.677,99.21193356,1223.998157,83.84520286,51320.61003,223.6393143,1467.16749,130293.0047,1180.173574,38.16725786,38.00573197,446.599305,30.50324494,652.8593178,13343.57696,72.17396829,29.97109737,1199.543199,121.8870656,873.0780206,66.32104531,18.18124582,5153.546345,501.6501517,77897.1233,4488.378134,88.23002207,100219.343,1388.886627,673.2756503,79518.4395,2014.980004,711.4303387,14894.65734,521.0718179,46.22627332,15451.62776,2090.936957,14534.15659,501.1862163,34.72869679,14.615345,583.9259022,2545.422678,263.369117,854.5575274,486.2360235,32075.69871,1160.017108,834.7304809,128029.5428,437.9575191,4254.443082,1204.505167,28507.71259,5841.193348,1177.37388,24.1854881,8.090920107,616.3616568,13887.19201,2133.051272,222.9227372,485.2654804,15145.45773,1069.689538,15239.94712,2522.867974,14747.33612,872.5862912,1585.892897,79.35544504,827.0247454,919.2080904,19969.43343,2138.131106,555.1922011,573.9300811,64.57319081,13762.45903,22265.69826,19967.44935,17641.79243,36.40245346,351.5887038,586.5121456,1366.907015,87.91635439,60.07089084,5183.48207,627.3099869,68.55771255,77881.78655,24.97089436,79.20779856,1342.886501,40.16056213,152360.0823,1446.394458,14591.97535,121641.0082,1964.235057,2385.560899,13103.2952,1518.596948,134190.7274,1143.840906,74312.28138,69.48096674,440.1754637,867.0044904,955.3118631,15523.26429,831.2605745,1618.533521,117.0615876,99.69628525,126179.1642,467.4093201,15909.50848,3097.75874,4501.845885,30.60949717,1921.68022,39.07263264,890.6289891,18856.7441,405.0417292,540.231019,36.69117288,114595.486,1026.14744,7718.137216,45.09673045,102.3597812,122707.558,18614.16703,928.3781522,601.7970098,23655.06041,907.0582852,708.8923352,80.95636053,2682.171205,121691.692,948.018453,1532.606496,1143.01426,43.27042874,44.88842692,22845.70305,15488.04529,146875.7491,382.285416,22683.63949,43.56990041,698.634626,75284.04749,134028.9211,679.4045563,56.86917944,13219.61463,112506.2913,1201.435337,38.89537517,655.5787575,20.32442226,565.3444149,113798.2826,610.8618648,32.9256463,3190.376215,5716.362856,1001.8212,125670.66,799.5109277,1514.455437,371.640426,17416.04458,39.57596249,964.0247,1043.705245,12418.879,1428.881664,221.644873,54.14166253,601.0366372,1061.852923,3905.918294,1290.174283,40.15975938,1277.762586,11161.51799,545.6244499,25.81436965,38.76021166,498.0412789,1116.546599,1396.35611,13328.18573,2248.322774
184,indolizidine,"5,8-I",Both,219F,Y,"(5R,8R,8aS)-8-Ethyl-5-(pent-4-yn-1-yl)octahydroindolizine",0,8.18,1260422.842,14.01953485,3215.274266,73143.10294,1.26E-08,192.960987,840.3022258,1576.329154,3601.054318,254.3909207,348.2832932,3.064002976,0,1723.43405,86.79247481,3942.709243,9079.068749,60.58544453,8.203440117,31656.16792,0,2211.647732,22.51276524,110696.6737,0,3650.994515,92.98063948,4387.244298,349.0083454,3292.494932,336029.1432,433.3778231,0,0,353.4083412,0.02336605,47.96302655,8807.78322,0,919.9862467,8.757483076,12.53080721,9567.378569,8.126362591,0,950.9938046,4680.949569,122.0158962,1.859538613,0,168986.9528,0,7.575856684,6223.976338,68.06058623,1167.133634,21.4197934,98.09658195,0.002570824,0.747944584,0,4.739448323,6678.536611,39.70574332,66.61858348,2216.706567,2088.66188,0.056052595,428.1221441,34603.55254,150335.7754,0,4654.862149,20897.34098,199.3090136,0,0.035390966,8608.395843,167.4086969,154.552726,2.049369866,3968.759215,120.3376141,4.19E-06,0,2.235281113,4575.452603,0,0,0,0,694.5391914,27.08967533,0,0,122.4382953,32.43604785,42530.95845,5.01E-06,25852.36467,1275.967793,14.58338587,2.95693289,32521.07741,893.3962095,8.42890509,3.901277928,6521.525418,102.3613187,1796.08031,1.758229787,0,2431.749885,13.9915628,0,15498.81185,0.493791144,19.29597445,7709.806874,0,81687.92137,362.2331161,0,18686.14391,357.771133,1.860263706,0,39328.0966,233682.9243,85.66162159,701.2168996,4.199429159,20105.72989,524.0125312,194865.0131,5.261986834,294.4853022,25.97072278,0.143444596,0.002337711,365.2829186,4.100559016,54179.08918,5.366908742,110.6809444,4.296742625,0.637948433,75.88148893,27666.41549,561.3774395,0.883831793,9.929482378,1078.086537,31222.09712,685.9850054,4.078322221,0,0.003359008,35750.55543,0,61.57994544,19.19097512,416.8790028,4906.940316,1343.366871,13.79966173,0.598001845,58281.9499,121.0803726,4795.437694,5267.031215,239.8544329,5286.825955,54122.18688,202.8843304,4401.849495,5854.60598,7.049494125,0,272.0987073,124.8578172,68731.60552,157.3132455,0,0,34219.85967,4524.657203,2984.287237,4834.602901,0,2018.54988,62543.90251,148.7298526,0,3402.897006,6702.310357,481.3558817,60359.3101,432.7531406,0,47.87653351,635.5902175,0.266687228,12.57493965,1175.723308,113.2687016,13513.72523,16115.16073,0.089338198,29.06127964,0,52003.8094,3.340200546,0,40264.02809,0,2024.360878,0,801.6967055,1022.306178,300.9032527,4.567385151,3.70E-06,165.4305321
186,indolizidine,"3,5-I",Both,195B,Y,"(3R,5R,8aR)-3-Butyl-5-methyloctahydroindolizine",0,8.23,244768.5112,1274.458031,0,572818.1365,75.66388087,727.1091839,2776.06789,0,109.1365333,0,948.1909888,57.85119282,72.60990402,182223.1179,1489.365292,1142.752154,0,383.0755338,98.87089614,521873.1154,468.3045828,1793.134215,1000.669498,1459570.637,29.51044589,124313.3708,59.20370059,0,63.37831284,0,40490.74141,540.1276001,0,11.83350571,2015.00842,34.23699082,1290.827964,179499.3116,36.50252468,1125.442705,1577.329165,41.74614888,664.3745933,163.477249,26.66561002,616.8277063,0,2310.095795,1708.131682,3.176676454,1158370.584,128.9484724,1549.566781,0,0,1317.631611,1971.268057,868.5048248,0,0,178.8674615,43.62882017,0,52.51659007,73.27529638,867.0738876,942.5591378,0,1139.354317,324.3503605,720375.2662,84.63326772,1425716.417,263329.2496,1263.841817,0,0,51411.71255,0,2892.170627,0,375.5003666,1034.206768,12.11595934,0,11.70204732,36.27602025,113887.9581,0,26113.38474,246.2991762,0,454.1298555,0,62.67177925,4281.878043,2658.091969,563421.2175,139.1882652,525915.6691,149.8821924,235.4795731,243.6689073,654993.8847,91901.83637,1076.781824,79.49129429,5230.870691,2340.797532,93.740232,30.39446828,0,1362.356813,2004.711613,0,525298.741,66.18629794,176.6389222,183232.6418,8.926319452,833076.1188,1370.886806,45354.62071,558990.0882,29141.23058,0,12.66481419,2212.779958,3752930.709,1880.505725,1261.445604,82.95866763,247.9584531,891.3424563,286995.9648,81475.45687,1037.144325,2016.58989,162.3921828,3.45957792,789639.6251,2017.509436,1531421.409,52.96266203,2140.800741,0,24.82961268,525.7694041,577.2985749,513379.2835,1159.391863,1872.70923,596.1124225,254237.7873,875.8305729,724.9900241,0,37.82404044,78641.62067,9.822510334,0,2515.391325,0,0,329.2156468,38.24018607,2316.264485,1118835.863,732.2410319,1390.119762,212.3584855,536.4598457,92.67701281,794308.8865,61446.14134,103819.8325,0,503.2076746,17.03891126,1162.01407,1194.694737,2684944.112,918.3392051,63.88447244,29.33630875,616945.795,673848.7317,73.58508368,63.72148533,0,0,677844.7047,1757.473732,30.50676007,872.6650753,1598.540327,741.1450653,1538664.611,0,40.5452267,1359.783947,134204.2442,0,4237.699186,272.856384,0,986.751005,2006.747057,43.43844788,4432.997307,1022.566077,352.9856571,25.11388154,7.784342131,0,59.36783994,344.2409824,25.37356738,1055.912722,0,1282.420211,27.62238189,18.59326264,59250.28916
187,indolizidine,"3,5-I",Both,195B,Y,"(3S,5R,8aR)-3-Butyl-5-methyloctahydroindolizine",0,8.32,152821.1093,660.6014877,758.9408452,179789.359,111.8290328,480.6932279,7.865754869,837.44103,1294.274198,868.2861635,665.5982461,127.8706011,101.7045878,37352.85972,601.4351361,2050.221139,3591.009612,142.0691709,599.4372166,123806.9982,137.3411927,455.1661778,688.6837278,137643.0932,174.4902291,101129.8519,19.00542689,1652.030163,61.39484181,752.6999719,30487.13311,813.2780529,88.31061883,107.2374529,614.259492,110.8063789,1885.209499,58914.74115,83.6366456,88.36983324,907.5626817,96.45766641,701.4043543,88.29709248,79.41711547,271.6160808,769.9064019,880.5371602,754.2605697,433.329905,437829.6033,106.808904,1351.724972,485.3880344,663.1700155,557.7831921,1080.199887,513.5774611,38.75638587,141.9669279,75.58243429,100.1907375,4.09645277,81.85941487,51.13486867,745.0536876,846.061907,636.2295526,1077.546463,969.3195954,206424.4121,35.76801729,567258.1554,71124.00635,712.4228056,117.660022,86.01096015,16833.93261,72.14916344,699.8382172,84.97696208,72.51762815,572.0743389,122.0079841,123.8245768,107.173408,695.8449099,17547.20075,73.58656422,4339.922341,93.23560972,110.1162002,1030.772034,100.9903758,121.0510416,569.8395461,529.6747229,147602.8099,215.2128376,14720.11367,818.3777825,77.80328638,658.1582394,250279.0326,31373.9794,540.7067981,112.9915257,35778.97829,680.1699419,125.5873086,60.67455545,68.12183408,461.9694554,626.4638369,70.2814899,154237.7184,63.59979496,64.73656746,718918.4974,94.15966418,218962.653,1147.244857,13068.18088,129026.3353,10337.47382,115.3972974,131.0719783,388.1658831,1011718.783,877.9179117,739.6268843,121.5115754,2566.981617,1140.239664,111284.9816,29215.1928,888.792395,1603.79453,129.5301112,8.429712375,111066.8611,680.6932928,490524.4766,102.8163752,851.4935637,56.16377617,85.84041206,123.530481,566.8578973,153969.8852,961.6463183,1266.169895,72.24675482,124109.1148,258.1386975,871.2823848,45.65272792,89.69500421,1318404.197,107.0713158,476.8040074,517.9412595,410.1094917,59565.02101,511.370205,134.6510585,780.8330312,235963.8708,493.0125433,934.5257553,2572.580074,75.6070241,111.2704274,227841.1053,28284.6188,72502.73299,279.8317326,620.2191507,84.82448471,1087.610606,831.854641,1097180.797,458.8440882,108.3305113,165.1017733,21823.69648,915732.9007,68.75611029,598.3980967,388.1340752,509.0085491,131081.8305,850.7514736,381.4579048,638.6337477,345.1477886,376.0452721,392635.9586,665.9977258,89.36889017,2081.201293,48008.42989,107.5054986,844.8054244,1243.596035,461.279966,357.2760587,443.7959295,71.93373251,1025.282977,885.2454252,492.9313558,269.5867907,129.4834574,88.11260372,123.7487679,539.7773502,154.744657,50.16384617,558.085874,1077.396098,144.407714,110.4468661,40267.32432
188,indolizidine,"3,5-I",Both,NA,Y,(+-)-monomorine I,0,8.41,6464.677492,48.32454535,72.67406217,106.8494358,4.962083623,39.62515419,40.26646505,40.71940566,68.6547882,64.99354381,70.69573677,4.333654599,5.5135501,73.30328059,39.27888186,238.4007316,6269.889919,6.20757068,60.34166094,84.5798614,6.444602,49.07772535,87.32656826,68.14533402,14.99189369,88.68784322,0.685453486,536271.5263,1.424835876,60.92003667,2272.858321,53.57455472,3.441659711,10.14166074,83.05616214,2.348405792,601.3710692,415.3980722,4.14802756,2.606760758,28.45891917,0.182746405,51.68100008,1.384155718,5.075521456,48.44280565,49.56964035,56.83565023,46.22106142,0,114.436267,0.275575683,25.58573566,58.30807906,193.1522082,53.22610623,65.75562088,64.2714024,4.931022959,5.540347115,4.342730844,5.313846208,32.95516293,3.357030846,0,85.22230422,62.88675373,67.66238511,100.9065774,48.56225335,47.44488523,5.221105876,28.08294501,61.56599874,72.04514141,4.155265445,6.395871976,81.23092014,2.035507543,53.95713186,6.806818058,1.123616876,72.70378168,6.556440663,14.31091281,1.977025925,54.94082492,16.49197893,5.518379539,4.658824808,5.612418941,5.545723193,46.21955583,5.484855311,0,30.13134078,39.97802015,960.114349,7.751271571,31250.09789,48.59521277,1.672544011,52.75965142,89.81404017,158.2386061,41.66732835,4.33589503,16724.26763,56.69052314,8.237034642,0.000697512,7.698232576,52.33061239,24.08852833,1.910225152,32.32569983,0.000766827,8.41565702,68.56972427,3.831860692,76.83080801,491.1633267,6.10E-05,32.16138716,8.742137336,17.40371266,182.175707,51.03592555,1249.110708,31.40612827,36.89760593,5.939221768,1100.061597,99.42452846,14180.63267,186.5854649,48.48781079,33.15510843,0.166288005,9.930491028,33.39081573,24.76521146,135.2815792,8.381266661,36.32522003,2.954499224,15.58137181,1.398860346,60.05942198,41.67770188,22.08885108,24.19776092,1.885393635,259.3083092,32.05301846,34.22014741,0,3.48265473,254557.2365,6.590543488,56.09096151,41.43560805,53.06825575,467.2780162,62.00268923,3.234931372,34.32758777,26.72116816,59.6916843,66.34322188,340744.9611,2.260983755,2.007288495,53.80852343,10.83198919,81.54502248,290.8136817,68.13303804,9.529501587,65.63986477,42.2489939,59.45838309,41.74434011,2.690987954,4.77713851,93.83023161,43.12877297,0.427819089,56.60697686,5.026105902,48.27740355,74.88716441,65.15084881,1.734694582,64.40969318,48.29615023,64.75237344,81.74110126,89.28575141,3.126333463,51.76590661,326.3400135,4.030941874,80.89725345,42.90868205,29.76312789,54.70773427,35.68171301,1.100407106,28.37122115,32.07844259,64.78950535,3.148488975,2.66E-05,8.016051858,4.706149774,55.07890477,3.382997637,1.996677555,71.41778558,74.05672656,1.278161942,2.033745994,2.558967367
190,indolizidine,"5,6,8-I",Mites,273A,Y,"(5R,6R,8R,8aS)-6,8-Dimethyl-5-((Z)-non-4-en-8-yn-1-yl)octahydroindolizine",0,8.55,1417.019835,531.8744403,451.9042997,984611.0115,39.30761696,1885.071238,67.3948884,382.9228384,1956.849117,505.2802719,493.4361492,44.49768324,42.39422426,260570.3355,421.8436254,1169.135598,11013.08867,25.31185392,449.9519022,744220.9569,20.25573256,394.1469948,1048.731995,46038.27827,52.23942585,556.1850136,45.15911915,16613.52133,31.02602163,449.5198718,706.169223,504.4156506,19.83363378,36.53702662,403.8595541,11.34649804,19752.6979,58.07872803,23.0102127,43.96145606,537.1346507,26.86781495,458.1256352,649.8112234,28.12508519,679.7484762,526.1579139,620.3972922,614.7888127,81.02323413,3189.097429,640.3246944,432.5207448,4774.418274,369.8836998,421.1866857,534.3213211,254.2006517,91.7129844,68.92740609,23.83856924,31.73293279,9260.253919,33.07681722,20.50257342,1738.614625,564.3252209,2415.125635,553.6656342,447.3131305,476.9308862,17.12797689,545.2885732,338699.3432,371.7651233,72.54605429,20.03506902,331.7180523,39.27345457,598.0598052,34.58349046,36.21973828,322.2129924,72.84343309,111.1835978,23.00399891,493.0778806,39.6581635,47.8236345,180.9873616,33.03281052,422.6235999,727.4459808,49.85028791,83.21641542,314.9661645,378.2556522,499531.818,283.9852944,372.9456207,509.8037162,28.24269879,890.1149588,425.0489443,409.4304348,452.1604698,42.58050902,1876.394618,718.3103837,137.1707582,8.717506142,26.20258026,5467.875706,291.5441009,22.20456347,444107.0618,56.2478049,20.26738942,6308.501564,38.49623436,1400321.142,495.7906737,83.31946025,573463.3371,347.5065021,46.26046902,60.15768182,1110.620895,185727.575,356.6167515,529.3930719,86.85472404,369.6065286,376.4748003,868.049713,104.5554313,368.2861683,356.3591903,65.084449,291.999786,162826.2674,465.8510922,430372.4902,36.58675765,414.8879968,32.00510597,36.9817468,36.94696448,560.8863606,995.4862358,155.8913601,500.0864638,39.88012778,277839.4068,386.6794179,437.3626237,7.772907265,29.4765728,10853.83827,41.34438979,573.5213634,436.127242,577.1696965,16311.32433,320.1975402,70.65676954,365.940028,682200.9586,363.4581434,576.0375261,561.3757372,39.95554633,49.02499034,476405.0058,101.429803,67978.06281,480.7073927,624.7121508,30.76753731,606.3220174,548.8366599,229243.4118,288.3548812,24.32934065,91.42204217,99159.42032,403.4313344,29.87785879,492.0627235,25580.69543,444.2999996,422242.6511,421.462294,84.828478,563.8263889,43709.32641,417.0569758,242580.1139,402.9250011,24.27695988,310.0669304,389.7783493,23.80840561,4566.378695,7639.902184,597.4407658,561.4707881,425.1284674,296.9171667,235.2659414,578.3313165,529.2769784,4188.481829,40.669539,40143.35039,25.89382112,362.1263122,133.0903953,26.54268701,420.8607286,559.3529297,29.49062695,34.15870585,55.20497476
192,indolizidine,"5,6,8-I",Mites,277E,Y,"(5R,6R,8R,8aS)-6,8-Dimethyl-5-(non-8-en-1-yl)octahydroindolizine",0,8.63,0,471.5386492,2670.679751,277633.8931,0,1251.084996,5.784800408,0,0,561.042672,926.2168546,0,0,65452.55991,0,0,193.1154225,0,4.490647575,253616.4745,0,0,497.1487534,56419.57236,0,449.9613061,0,68.42728737,0,351.8932512,56.01682361,405.3248591,0,0,327.4944864,0,0,0,0,0,0,0,0,0,0,0,659.1114061,0,366.2254406,2672.519827,0,0,407.2074101,0,0,0,258.915499,558.8578855,0,19.83447767,0,0,0,0,0,2603.498441,114.7719836,0,810.8547277,0,0,0,12005.00612,87942.24444,293.287893,0,0,7.712615171,0,564.4935903,0,0,417.3880262,0,0,0,0,0,0,181.2295851,0,0,1312.013738,0,0,332.4002298,1050.736183,120647.7857,561.9962362,8220.959553,0,0,498.8505691,575.6506244,8.970851147,476.6743723,0,0,0,0,0,0,3240.739116,402.5833295,0,137858.5723,0,0,21073.71421,0,583961.6208,0,29.66681119,295757.6347,0,0,0,2013.520146,134875.397,0,583.4662183,0,1181.261529,0,189044.4238,252.7435926,0,0,0,0,48604.90075,0,172729.5374,0,856.9348243,0,0,0,0,0,0,257.9658799,0,183341,0,271.7964959,0,0,903.1698018,0,65.58744143,0,2032.155937,1970.399642,3019.797236,0,601.2567301,438484.646,813.2154883,0,180.4521809,0,0,191965.2611,1097.889419,70485.04691,287.8091994,91.47808491,0,598.0561542,629.8018752,5323.641978,0,0,0,73743.08172,11549.5323,0,0,3016.62125,0,138042.6946,0,36.91215047,0,0,430.7011955,171741.0925,1551.59978,0,645.5127418,52.1062864,0,0,0,0,3420.37445,0,0,801.3918339,0,7422.504873,1990.191706,0,0,0,527.6904452,0,0,0,553.4363484,0,0,391.5122264
198,indolizidine,"5,8-I",Both,253B,Y,"7-((5R,8R,8aS)-8-Methyloctahydroindolizin-5-yl)heptan-2-ol",0,8.87,3384236.254,22.66320616,18015.82361,2771354.073,10.87749968,92.75330018,54.97834052,43.99774578,850013.4051,2639.018165,107.456328,10.55256427,20.96547529,5860999.945,22.47060254,735362.4414,387806.3227,3.056221257,129.5161587,7970655.323,7.805784765,9.078875641,5169.778991,132955.3052,0.000615106,262122.1712,28.15469579,339580.452,0.356669646,49.37841208,222036.9467,112.6760169,0.006992463,9.399039714,3.948210663,3.794370635,29699.46427,108.3247726,0.049031041,4.811162071,44.3346071,0,147.6036588,4.33502047,2.001728625,82742.29598,6373.665596,101.1024265,17.29226589,3.596611934,3094056.509,7.282202242,32.24114195,631246.6432,16.29362001,45.82568827,88.47035077,4.028093259,0.022675935,12.75741164,9.565254449,16.69107765,2617.697319,2.755141849,2.223232352,6611.19709,412640.2544,10.92272076,1504.132741,6.002270133,146372.7261,42.0114503,311402.5312,1207668.818,6.385598572,37.12312355,17.5274302,519050.3486,14.25914896,11.14850128,8.175285389,0,21.56371999,6.027152156,11.40764016,0,28.83802237,367.6482472,15.33250492,5474.390083,30.70235186,8.073538593,279.5904172,8.329812093,5.902527202,29.41417496,120.3215956,1698396.673,9.567567898,61803.47821,16123.63335,0,29.16975746,298606.8139,12.84967539,82.1234378,7.482688144,987001.7877,37.20782282,5.398525735,0.009079136,4.536533372,43943.45736,20.59660857,5.235499553,5513238.349,6.942560717,0,326518.7632,1.937594342,9571973.02,98.32156004,9.551189801,9279326.679,7667.429146,24.74908742,7.703279983,2363.41802,695861.5526,41.19275785,47.62856568,7.454604556,274733.9968,33.79536589,1459626.227,14.43847306,11.86844876,38.16574722,2.103847869,0.773074664,5184837.099,19.32465391,1640192.721,10.39992943,464.090094,6.506445685,12.21250615,2.339951619,65.24850123,548839.9996,12.69185074,734.1524548,2.03576056,3813784.795,20.90781894,28.67517377,0,1.841590622,8176884.916,24.4576546,6093.940608,264001.9413,82.37407892,419391.823,5105.21858,5.215004449,35.4312113,12971871.27,17.17100048,27894.31184,142040.3623,1.766067147,0,1741299.579,2757.145017,965227.901,30447.88944,123.2058203,12.23306906,43.69295322,100.8108889,582785.4965,7.336762941,4.829133481,11.76632665,333787.3274,219477.5919,0,117.4958046,177.3946237,22.07321538,4261981.575,9.964838159,2.101330875,28663.74757,1198012.045,136.0398305,829810.3922,762.4294281,17.06225937,1773.929545,385.4277655,4.272857198,109849.6382,21994.74354,53.256339,25135.67601,75319.91209,3.106594718,21.45519475,180.7978985,335024.2806,11.94656498,0.033677382,4.565713182,14.61307629,14.0411563,0,4.560849469,15.93265013,746.7523664,0,14.6963108,779.7238039
200,pyrrolidine,Pyr,Both,197B,Y,"(2R,5R)-2-amyl-5-butyl-pyrrolidine",0,8.95,1343007.796,5.605692031,0,273969.2942,0.001498707,369.9241439,1.285927357,0,0,0,0,0.399752109,0.00046216,219051.18,22.92952761,0,0,0,0,1082291.99,0.774645965,17.74456485,0,428988.747,0,94.26987627,29.02798453,0,0,45.15744022,76531.27176,38.63621561,0,0,98.91644592,0,0,51691.59535,0,1.163284558,0,0.012043692,23.63755739,0,0,0,0,0,0,0,699421.3799,0,0,0,9.455550594,0,0,1.476674533,8.366547731,0.816108413,0,0,0,0.156528741,0,0,0,0,17.3192997,12.76291846,1409240.776,0,0,0,18.08191372,0,0,251900.5991,0,0,0,0.061951453,0.540367053,9.353063404,0,0.158036793,13.56694582,193886.6723,0,69261.17299,6.967146347,7.224624444,0,0,0,0,0,610450.9151,0,4432.896018,0,0,0,0,6844.460154,0,0,0,0,18.13955031,0,0,0,0,0,807488.3063,2.381182629,0,8570.048767,0,873369.7609,20.79428198,16268.83657,1022322.482,0,0,0,35.02799235,0,0,0,0,0,0,36987.41464,47966.76514,11.71491455,0,0,12.59356629,640558.3829,0,149606.691,0,0,0,0,0,7.842643634,1608033.667,0,0,0,0,0,0,0,0,949251.9411,0,0,0,337.5349765,47925.85357,0,0,0,2119766.179,0,0,75234.5032,0,0,88262.78682,2226126.37,0,0,0,0.003375844,0,0,0,0,0,0,0,0,0.473022478,0,0,0.050338746,425288.4932,12.22117372,0,0,0,72.93440851,406359.2826,32.3433136,0,0,348689.4202,0,0,0,36.53770382,0,0,0.002932577,0,0,0,0,0.206248946,0.086295883,0,0,0,0,14.67925044,40.191608,0,0,56026.31086
205,decahydroquinoline,DHQ,Ants,223Q,Y,"(2S,4aS,5R,8aR)-5-Methyl-2-pentyldecahydroquinoline",0,9.09,18.64691889,98.70265949,16.98396913,135151.8751,20.28976814,11.32914306,1392.078576,60.84974798,25.50124979,24.87571115,143.252684,3.382888339,1.795913737,10.40778435,70.43833984,95.26429279,164.0155822,3.117127135,22.89937601,20.75841495,4.710353636,66.60686432,77.69428114,28.83685062,2.184891452,429.8805627,2958.27626,187.8401444,16.63255351,125.4323588,16.78727227,54.79921579,2.451542596,5.199200869,69.87450845,0.777529234,27.40061095,1.042065275,1.127972976,1.949466616,73.25687773,2.670694512,137.8020189,8.874090617,4.922115965,81.30918552,36.66600464,23.23765821,49.70353883,1.050882957,20.61723009,1.247426997,3325.118316,25.92078408,38.46623101,78.46770463,84.93696696,79.09879377,8.757227153,0.819304205,1.508245141,0.082538906,67.62063158,4.091175653,2.282421066,87.24820887,37.35939063,57.57830564,118.5232889,114.106634,11.02402519,0,71.85888253,880273.6293,47.42135409,0.150152396,1.016546448,31.03350528,0.000916343,111.950264,0,15.82132484,85.90187156,0.866087657,2.416492007,266.1494755,41.32438806,0,0,0.631968193,1.206489442,0,2963.303069,10.70104899,24.45654518,106.2461553,120.5797736,354713.1217,6.437162276,772.0485079,39.57628949,2.445876323,27.33220513,46.74748915,2.87E-06,23.96607066,1.460001519,38.50840533,2126.917368,1.839941044,4.09718223,2.259095922,37.13521409,35.38282986,10.80370241,52.29312955,1.975915635,2.184375137,989.0402808,11.52410184,11.65163589,70.33381146,2.336996917,13.58491256,1.530464006,5.167325967,0,56.34087392,88.30424575,478.6538968,122.0564399,3.173948484,46.77485309,30.70208157,83.97900546,0.949194871,128.4869794,87.82400275,2.112368398,4.044052384,8.864039909,136.5579915,249263.8795,0.77499328,33.5493148,1.210671347,0.974086167,64.01553289,52.70375688,9.23372035,169.6351652,32.98961878,1.713496519,11.53759497,38.39589858,29.10186625,3.46633666,280.5426664,130.76032,1.378381991,25.96617632,100.4493625,46.44169114,53.79302039,85.00298579,20.27974465,1147.623422,9.953515539,56.87780001,51.51588268,608.1980221,3.199211456,12.72588781,637810.0904,0,11.30664705,151.871914,44.68084095,0,57.9768297,60.93039643,96205.9844,47.22635804,0,0.000257922,18.94499104,31.24789121,2.806332726,81.85431984,36.36763454,73.57417607,13.80711469,132.0907143,1.912513331,70.32879207,23.44142217,63.76390094,25.04868166,82.99389502,2.989821161,100.0584424,1.439380786,18.03850547,54.92240489,45.62669292,33.32120403,23.32754021,108.2134128,2.780803815,732.9569123,7851.995433,64.69493347,1.221839307,14.79820099,4.143339824,0,150.1692192,1.468061566,1.239542055,104.647302,23.62359254,4.961065728,0,0.706284573
206,lehmizidine,Lehm,Ants,NA,Y,"(3R,5S)-5-Methyl-3-non-8-ynyl-octahydro-pyrrolo[1,2-a]azepine",0,9.13,19.50288752,4.075496298,7.000210178,10511.29772,1.142033265,11.69743572,4.196452032,880.5752612,2.457329404,3.032658941,844.381594,0.005611964,1.147427495,99.01378515,0.472576305,30.41242118,493.2087005,0,59.73037347,1727.672882,0.814362877,2.224566711,4.677452177,30.92477961,0.837421939,377.3666254,7.815296831,12.07868616,0.097654959,3.746835662,44.01850103,0.651189797,0.750420366,4.39E-08,6.540920778,1.016732472,2.134459303,0.96376682,0,0.029236913,0.579359264,0.014397773,635.6447279,2.222097777,2.49E-08,4.514058945,3.858805656,2.531801648,0.830634198,2.255636945,84.49200747,0.678052975,3.914317942,3.513107419,36.16739149,4.756733627,6.225030916,3.572025731,0.643018764,6.010939065,0.895418901,0.59782338,2.886819523,0.313100783,0.073272223,9.676247514,12.23516772,6.243985172,3.541526747,4.179840284,13.50361084,0.863081501,955.1570497,51640.15921,7.692593108,1.476836414,1.912882568,128.3843556,2.0262686,2.216765361,0.18895172,0,4.844838611,322.6157511,2.36613078,5.09E-05,13.91787051,0.053717677,1.20742801,760.3872667,3.493399895,7.56683139,9.066493974,10.57735681,0.001279119,4.475396132,6.841033512,14.24807378,1.549158276,3.016877035,4.137545377,0.362295012,7.810317393,114.1883517,0.552454967,1.909939287,9.20E-06,72.06086164,7.689440675,0.011510111,0.027011581,0,4.652530114,4.711247719,0,217.2613192,0.81202297,0.05109974,1010.889863,0,88.86723333,2.659203351,43.9500814,43.16929776,227.9782257,7.197002342,5.940668573,7.363000836,104.7819894,5.765676408,1.670953169,5.612206534,5.112899037,15.40704538,89.39022907,26.25314285,4.558219434,0.349648683,0.284593265,0.479775196,54.68938103,1.54871271,638.0146945,0.966853104,17.88956229,0.545973465,1.560373138,0,6.353335212,499.7713109,3.597232124,5.4793242,0,22.07670981,4.221499193,1.247442969,0.138970988,0,263.1303853,1.330532041,4.138585466,10.98198023,531.1444114,251081.4474,7.80887274,2.71494293,11.26668614,4.499366229,10.2260659,6.900044916,22.84192298,0.075237387,2.066170072,18260.67938,7.609448558,16.80391132,3.864127707,234.7475598,1.797272249,3.094982825,2.716393141,33.42094821,6.811446607,0.108596433,0.899717326,40.00008712,245.238353,9.43E-06,2.51320649,0.175874891,2.228223194,4222.12469,3.391039708,0.939944193,2.931523166,19.54009137,15.68532075,55.33657069,8.564555583,0.759067725,2.990523695,0,0.055050116,6.226216361,6.572807662,499.5055726,3.466055231,2.708700908,0.14865024,4.377895967,12.74405249,4.26213028,2.43248476,0.228779432,3.146863587,0.68345132,7.342994173,0.717899143,0.549960754,1.916631691,7.868091015,0,1.234325971,5.530725608
213,decahydroquinoline,DHQ,Ants,195A,Y,Pumiliotoxin C (195a),0,9.52,282.7604636,66.16298268,6675.473414,2016170.36,6.846803829,3299.931153,21993.27941,4447.98588,8.827624715,56.16109478,7.50E-06,0,0,8016.379834,55.54272073,923.2569307,4301.116548,0,559.2189166,12579.08898,151.9706992,170.5101711,505.7468672,149356.4373,0,3098.602248,20529.03269,1749.779959,0.009593005,74.44027726,119.555997,85.64593218,0,8.59E-06,33.41350672,0,2175.406819,5.089280227,0,0.008594286,11.25987281,4.136942268,3811.183752,2.946296202,0.833432242,3.135525658,133.1503024,197.9723118,11.45843774,1926.75154,3151.80978,36.82516487,14.39935263,132.5609644,481.8254661,132.6414511,354.6732457,63.51568457,0,14.15022073,0,6.680812049,46.11912238,2.59E-08,0,454.9369319,60.0532078,122.3016767,170.7497206,50.48750544,4863.935917,0,2662.100167,2140605.573,244.0999703,5.357171584,0.944642911,191.5576368,3.476969304,16.33896952,354.6882697,10.66000237,102.5789789,61.68406501,140.1193776,0.014006474,5.437862571,435.6756959,22.87454238,476.1412736,81.73946093,0.064245203,154.8938302,267.8773184,57.32556301,94.64657389,56.26151453,4656220.942,10.95761933,92.65545698,281.6046244,0,533.1632396,0.008200724,2709.204673,141.0641969,1.97E-07,85.61571552,83.53658288,35.8903992,4.43E-08,7.363170308,129.758755,4.919784835,0.123206901,6942.984518,0.006952165,0,3051.504578,0,9907.401886,258.8226385,2.07213184,111297.7417,1218.728643,2.136321631,15.8812166,22.65416506,556220.3075,80.39595608,9.162469016,36.63643781,48.47789315,561.0456338,2952.67413,9.313687625,132.9812944,80.33373934,0,23.55944133,10170.8442,42.67686821,4264083.418,68.64205939,128.4847233,0,1.671710427,0,25.19017858,227.3792652,40.78234205,3.841435904,1.986566398,30829.99715,2028.178017,135.0986535,0,20.75409748,5454.737304,0.850700772,5272.811074,33.26226549,3117.639511,1428.096193,816.9421169,53.75441336,36.03467922,9408.758272,215.0464627,46.21717443,1721.606376,0.319025566,2.28E-10,1769537.142,576.0778249,31747.80531,43.86109775,1979.184501,0.085977678,47.43964819,73.40388343,2427015.96,289.1181481,0.063651733,0.070876239,356236.4753,3544.518777,0,3.956784885,18.39559479,447.9125484,307134.886,46.84226754,6.091756191,45.40518151,16.07691905,136.3980328,995956.3484,30.42120351,0,54.13145747,1317.250928,0,68.69664166,540.6554452,91.17865831,30.10789913,2.03630653,0.098473968,15.98950213,55.39090961,59.64790991,0.001165111,0.070198855,81.99580324,2.538926424,91.05023351,45.94630836,13.25229698,24.02811023,409.6948566,0.013475601,3.008286771,71.97910506
215,indolizidine,"5,6,8-I",Mites,273A,Y,"(5R,8aS)-6,8-Dimethyl-5-((Z)-non-6-en-8-yn-1-yl)octahydroindolizine",0,9.61,935.7171329,60.4730213,202060.8283,27954644.81,417.1542498,25.20219464,1.294498366,46.77356583,367.4274957,13.00810025,20.39423873,402.5575843,1.32E-07,9749984.499,12912.32448,5.426474611,588891.1671,823.2522897,7.567231099,9923194.81,15.19105399,7.240630057,49492.51735,1311695.194,0,267159.5583,21016.16326,2.939055879,0.270634557,17.8164086,968.04418,13.04921149,0.48380599,0.001482318,13.42093558,816.9526266,310476.8625,6.748250842,36.54140323,0.415271575,9.792488351,0.159360312,26.20911124,8.635027141,291.478747,47.86365124,36.39124003,11989.28224,145.4108567,9.667366416,181.4682209,0.222204849,9.07453217,20986.03718,1030.267026,18.49091347,2416.580372,8.504351699,1.404485509,39.48723375,449.3519629,336.7501571,12.12756383,198.2189273,0,88969.00867,43.51453236,24.84305406,12.74207611,5.888002947,581.546302,0,465430.2474,10096716.09,112.3474706,21.35089361,2.668137756,45.25709961,8.408572932,11.20238437,48.39230329,0.462072426,12.51651095,17.00104232,274.0175706,3.893871599,7.921590943,13.39791582,429.6015567,387.9040075,10.19623673,311.3652193,307.4425838,46.09821378,247.8298306,148.2514269,99.37765741,14895186.64,4.399402762,48576.52325,90365.58714,30.5808334,20.52734507,111.9469753,2553.2957,98.87091035,8.91E-07,1.567884647,92.60300249,0,2.581618502,0.290007095,27.43353556,132.0190179,374.5307226,9881466.066,0.013774665,58.47116293,404977.737,628.5985281,24522307.9,3.273973232,16.41240286,10857719.95,460.391499,32.43579326,1440.096477,503.641295,5636347.62,19.7810317,12.36642796,285.3386376,58.17108274,0.728399939,497.6613191,16.99541124,4.838143822,57.42782407,1805.319657,1968.735332,6627964.391,14.38087749,12598209.78,19.05861062,353.3386293,5012.90179,26.87320033,312.8936223,14.20933132,68.09933868,2.467724595,4510.812088,0.065586572,4534478.152,56.21082249,8.261776776,0,869.0761152,97.22659537,34.9202735,110060.0811,3627.176042,533.7833167,892742.0607,77828.79611,6.607067106,2015.14767,15210640.93,53.22046333,6.822383211,160312.0553,2.482967353,35.33258952,13238778.3,327.4201068,1038728.793,10.3329296,24.73555799,319.6448058,15.08364749,6.848234704,4520163.217,8.95556363,14.37501991,27.72678893,3109470.048,107822.6929,34.00673636,21.73099921,1878.530187,36556.80843,7913927.924,1.672612364,1546.614334,350.048043,1.050838173,22.22543887,5915714.269,32.32738154,0,18.47876123,5.982240363,38.03622518,10.35257455,114066.0365,21.93360511,11.11413725,27.47633698,0.012615428,5.368183085,126.7202784,6889.448959,19.37073842,812.1537007,1565.286522,28.90945468,27.23038332,1485.858218,247.304669,5.120161756,13.80252336,0.250184574,11.844319,5.12679375
216,quinolizidine,"1,4-Q",Mites,217A,Y,"(1S*,4R*,10R*)-1-Methyl-4(Z)-(pent-2-en-4-ynyl)quinolizidine",0,9.64,2017.111932,113.4810066,317.0248772,244.6313298,4.766329239,719.2388609,48.2317634,38167.95471,180.9435576,154.129814,114.7617162,16.03502094,17.44566835,0.906981627,65.424679,51679.758,12014.93668,1.155450783,212.6616547,122.5226238,8.298163623,40699.59623,214.461182,149.5600059,2.375239798,4495.597247,1612.388964,506218.6584,4.476750749,80.50920741,308.7047183,254.2630468,17.65341423,0.000106062,65.43747505,5.21E-12,254.3477048,19.91332596,0.912497592,8.116747065,64.52543387,1.300815121,34411.38749,337.0243565,5.652954789,26638.62421,52.40500405,207.2714439,79.87985395,48.4425193,661.4129767,11.38128893,234.1256119,956.8954878,39.90676973,91.37982628,229.8213045,58.28141493,23.88371164,1801.672362,38.94986852,2.868212726,42.88864547,7.713739974,6.769057915,2400.311517,296.3032558,105.588914,225.4681448,62748.62938,399.928053,0.843354498,18368.50655,154.0585187,316.8204376,0.000522532,21.01234333,745.1374536,4.594084031,41.25207511,578.0879849,9.527065034,47.52344805,2209.401153,59.97468204,3.252287095,76.71611077,6.083593249,31.9054732,4.70087412,11.44263962,2.667775341,72.88574783,16.74187738,13.45238609,142.3884499,444.0681509,220.1352601,1733.550514,1203.601556,293.212402,2.720190372,71.16149098,764.4561225,0.047225519,458.9974648,4.648495152,116.0654412,521.4254932,0.021080749,1.200386547,0.893044399,317.0227105,268.5566185,9.355867601,392.8501625,0.944733106,13.51060487,11243.70936,0.960906172,18.01895748,745.7002857,0,377.7709513,87.21526443,5.938236115,0,861.0756731,185.5662506,354.2174926,114.053453,14.59012316,4440.038404,256.9001059,1272550.849,7.079894244,141.7681637,94.37041679,22.41810999,22.35002998,115.2997768,74.39902803,743.3394463,2.995880694,106.9681943,9.693757192,1.334382812,3.509277114,93.66839991,1574.008564,148.626181,64.18800977,506.7479051,55.30827321,72.00840509,126.2374443,0,3.93E-05,180.8576927,0.175997404,169.1351399,43.49428109,454.5569001,34385.29176,144.5697231,41.07078199,97.7352884,0.236565238,199.255567,1153.644179,5334.180012,6.05E-07,0,256.3819609,151.8551891,268.4369716,45.06212412,421.7379513,10.03506553,181.4475004,65.30158183,126.2676435,73.83697026,66.33078737,624.28573,97.20261792,3300.474612,1.724954176,119.9677601,0.336012525,211.7300901,78.78025725,84.62264642,27.97275812,61.94652046,93.64799561,59.23198908,176.2354938,133.753287,10.2700559,56.66819535,716.9083658,22.75668396,317.27863,441.8810395,212.9522935,288.8608005,82.50143236,28.60624943,214.790079,252.8048371,91.84914695,7.282526928,0.588904034,104.5538383,0.132937702,159.2307271,18.46299399,1.970122321,73.98063478,184.8856796,0.135740384,6.627079973,2.841095229
219,indolizidine,"5,8-I",Both,259B,Y,"(5S,8aS)-8-Methyl-5-((Z)-non-6-en-8-yn-1-yl)octahydroindolizine",0,9.86,146783.5192,44.23673749,237262.3537,1956352.235,22.45872195,111.8733793,435088.6618,47.34948499,40050.96528,575.9059492,134.4296485,25.10937651,13.80467199,361918.0576,62.7909202,205534.5669,82.16424887,6.714787686,102.9822766,179228.3624,19.73838193,7034.738459,31570.07745,232727.657,3.617789249,134621.1263,1822.678519,90.87425723,59.07170269,46960.26369,238421.3505,51.14176343,21.36080013,11.29358887,75.28746284,9.721774285,27702.48836,6461.001783,13.03559427,12450.98885,29.13124312,12.0334478,72.7673342,8.806822282,14.41765331,80848.25695,3108.830671,50.13512253,40.41362355,14.07193978,159739.4239,16.43060425,72.2838914,4954.154446,48.95462243,69.76557572,57.48548771,104.4814945,22.15429584,214.0153688,16.47909409,21.7139917,2122.94825,34.95950092,9.578491562,217328.7766,29067.39415,76.78228918,47.59190637,20870.72581,238962.3322,11.30436806,91565.146,437087.8282,140.0719198,16.9482597,14.53977429,110838.4902,16.30920312,27.49550831,12.43826593,23135.06259,83.31939009,9.778834127,179.8294455,74.90229146,43.37414672,15827.28052,13.29090927,81781.71177,15.22222836,139.9742611,53.13689762,20.26109248,2814.321316,69.87840972,40.05669537,1276313.974,45.22566758,47.71032309,49582.37291,17.25864436,98.97170475,327992.4323,24646.67797,45.55115121,11.30542459,14675.41456,59.55870616,1273.655989,16.89572315,37.86712962,28812.28229,64.45605515,14.91434526,180196.1126,16.10750202,13.52329173,151426.3567,20947.86582,487920.6549,323.1344433,10955.32314,328065.273,52109.27517,10.90906763,11.78505148,128022.5229,899905.2766,86.22029102,91.64981654,2145.885064,202416.0851,100.0960852,477515.251,1.580451062,46.16909605,40.07142125,13.92317813,15.76016851,173924.0549,53.38173376,1211815.734,17.31086099,31.8870376,10.54142214,8.845801408,1749.07764,46.95660845,211064.3764,8.345189712,20013.99697,18394.34411,92364.29088,11994.7755,34.91015441,11.30293291,41.16794381,53574.99254,14.67869937,84675.19293,32370.90479,107.3554785,17506.50638,70990.63486,13.40748758,152.3116707,681095.0937,89.18370863,59296.37912,94313.92822,2601.050407,2611.144782,1037006.354,49637.98803,178109.428,8057.411863,100.9735706,21.42440097,38.76624774,74.57186718,542138.2494,42.87970659,7.138548871,8.77881246,169155.4809,117065.0302,11.8218294,50.62865015,14.69341915,12660.74732,220525.2131,338.5206757,1076.964903,28291.83661,26595.33505,82.23388757,1311496.551,24186.00733,12.75448928,83159.15271,41182.12893,52.93280338,17810.98313,34476.12183,98.06915402,29664.79914,26325.65586,18.9745071,27.63531763,34.86267332,61432.37369,48.87476432,48.79741553,11.35347565,16.34240463,49.19784319,16.44703746,2913.778604,56.6434032,132.2818071,36.67900262,18.76468394,13976.70352
223,quinolizidine,"1,4-Q",Mites,217A,Y,"(1R,4S,9aS)-1-Methyl-4-((Z)-pent-2-en-4-yn-1-yl)octahydro-1H-quinolizine",0,10.02,440.4446825,609.075165,556.6940588,338257.5827,68.54446822,603.0660997,1038.395588,644.2495653,222.7459021,305.2156912,319.8442552,192.6533458,105.1014272,1280036.675,650.210834,9236.096735,23130.2107,118.6422433,371.7307462,380950.1175,65.48868449,708.9447526,629.6816439,21241.12647,126.6055041,744.0716049,8247.960753,675.6549769,426.2218064,758.6131033,324.2298441,480.0935411,83.26365294,69.04249435,378.1460698,62.01925739,692.884154,117.2032984,119.3252257,122.7379076,670.4127612,74.08878066,855.1791785,118.6532872,83.18627532,2169.275882,375.9113636,527.0826589,588.1762938,49.03060515,350.4496396,82.42084657,429.4492398,656.2997039,502.8294788,345.2144493,508.7820575,700.8013424,72.32147886,1185.681622,66.00083228,90.08364681,641.9975319,266.9637599,81.61969531,459.0900857,437.0092239,553.4392323,321.6283479,2830.24855,419.7897829,51.86208941,1017.831542,128823.5868,520.7558438,74.3638378,65.64017304,300.5056758,86.32065056,629.1897805,5321.528662,101.9093212,551.7214631,858.9679596,67.70266349,508.7713947,608.3188276,94.17170977,23.26482997,98.75003739,46.81413691,63.59129442,292.3133429,6659.358956,112.5101563,707.5125575,276.977575,291258.7237,703.8491599,879.6653116,529.3308921,65.87677164,438.5711976,558.0488478,73.83277166,563.9647781,60.61144349,353.2691134,426.5700162,87.73619087,94.13070143,83.50892777,336.6155183,520.4758471,55.22587345,1171565.476,88.49052375,47.01427956,2175.848662,124.0306303,1473025.677,356.4199394,120.7780973,772797.586,476.5972762,56.7750707,796.7833618,608.383585,1217.192016,456.5312348,651.9820081,92.60398102,422.7698948,443.6173882,937.1230302,65.9545442,435.5562527,892.2977778,444.7918901,112.7305664,748620.6834,765.8144523,219697.3777,91.13894022,194.7315198,66.44974562,46.65338411,84.48216569,573.9632533,399.9499693,351.1448969,737.7885695,75.56272745,188462.2037,495.5157739,553.2737235,78.55733877,286.2581645,333.8433536,79.85415612,710.052588,1780.693876,2346.060527,55791.39255,651.6255739,73.61793922,354.4179042,1808498.006,536.340175,597.7371798,814.985907,83.77620095,121.5692259,161739.9539,541.094721,4505.26869,430.1727217,3778.908968,70.33730174,305.9217536,1033.646613,441.0511811,408.6698496,59.9143263,1160.803188,34092.04442,1263.088951,94.18919512,670.2033364,69.89483208,492.8970143,541550.3443,390.275646,608.5050772,745.5650126,1902.927989,448.4011161,400.4598878,471.8676149,66.62967638,451.6681007,68.26501891,244.8380702,484.8894466,763.2736262,360.3428111,609.1232238,474.3429217,80.22081685,276.3415218,269.0728777,491.9299614,69.3063506,263.9617576,1530.46436,72.61699854,553.9819869,105.5386165,91.50483653,706.2090687,379.5064447,247.387734,95.06246873,38.94429835
226,indolizidine,"3,5-I",Both,223AB,Y,"(3S,5S,8aR)-3-Butyl-5-propyloctahydroindolizine",0,10.28,841907.9259,84622.591,325537.8451,34959136.9,40906.66863,1056142.004,179977.441,237159.6188,1298653.758,159441.3952,192810.0541,20000.66482,8727.479485,593720.545,24710.0357,6338597.468,283532.6641,8025.706285,180463.3706,5800.352133,94621.36043,131560.0823,113028.0579,15407823.33,32821.91301,244593.5864,36813.83777,695.2881643,9756.383496,810.5144765,6408778.69,379769.7764,37029.74368,5.830991607,127900.4897,3216.292389,106889.2389,238007.1296,3886.876654,6200.510092,124647.8404,45546.90412,56493.31083,53682.63463,6516.458872,2997772.903,122.8647818,99180.25101,124105.7873,59859.59119,4350704.107,51965.15538,190691.3877,683168.892,59568.06208,107352.606,70195.45179,74979.08552,32.62408611,157574.8674,1556.964305,13507.02438,117423.3171,46398.559,2.498609528,541.4198582,696968.6313,101352.8262,295222.2471,773.6149161,3500336.243,15453.06131,1087.426048,10752897.71,569029.51,11523.223,8199.94206,787790.5188,19465.83913,1407.745879,62006.1586,9907.462269,1508.837255,51497.99206,76887.77472,7036.706675,912.3743511,83945.88992,26025.84015,235209.9179,11850.55978,62777.45551,404438.3458,129468.875,55960.80895,30763.08197,133705.0162,30256609.71,67454.43702,105623.9818,125384.4235,68480.20638,266647.5377,5650767.131,429304.9874,441900.1557,7726.502619,515907.0519,144433.9472,17726.44937,21058.14651,195957.2518,524718.9425,249395.5727,43751.58457,3417.31476,8287.172882,97945.67969,365557.4642,46067.09326,70.21869743,585795.073,134533.6268,4979.672505,20000.3999,33213.44222,75747.87532,487479.1718,5561121.859,277103.8518,454.0769165,47050.34106,167809.8294,146103.084,1178813.415,70498.06702,770.3863673,68990.23465,35440.02904,11329.56699,845658.2694,96512.88335,22743081.85,26465.50839,716694.3823,548881.5246,25367.15778,12953.61982,659.5514026,969911.9587,131117.8815,57861.96239,68193.31025,3903.980404,54304.11041,181886.6782,1.01E-05,4117.596817,3659964.285,21626.52833,666.3509359,143382.1278,369414.8519,1083.93385,230159.1524,63274.59078,1009.21147,21799.10399,192802.1069,194013.521,86727.09074,8658.667048,3399.574482,15832219.99,156058.5262,366617.3339,102255.8248,204128.4054,11833.64859,156386.3683,122261.0218,4404368.06,49252.50995,52650.17343,93824.69306,13578104.15,853206.8346,21864.25735,80992.02296,41447.98293,111711.7907,17946.15814,89257.74099,56724.21217,699727.436,915425.2302,51178.88249,7277252.584,200536.2557,17731.60586,126120.8977,99003.41607,40244.15381,145832.3292,95956.42688,365279.2553,287661.8336,85567.44928,50776.78773,220559.228,117796.6403,220810.6446,84615.35524,3406.245989,58097.59802,11573.12984,964.643526,25693.78239,40162.57042,1079.974381,256356.5855,10068.90277,13056.72936,133808.8287
237,indolizidine,"5,8-I",Both,NA,Y,"(5R,8R,8aS)-5-butyl-8-propyl-1,2,3,5,6,7,8,8a-octahydroindolizine",0,10.5,0,837.8668613,314.045812,0,4.292175314,702.5206768,0,371.7373506,167.7876183,993.2857706,940.2917577,376.2386591,184.5748074,25.51741449,409.8705525,0,0,266.4180979,814.5911515,0,299.9538714,0,114.9834034,52.17807381,15.73697356,0,3.83730059,23.81400135,6.865201515,693.864435,59.10006546,879.2416141,293.6200719,0,524.7891481,0,0,0,250.892995,201.6122876,25.84810173,228.1223754,302.9799457,317.3594445,18894.38157,0,101023.2905,428.4250114,458.9022009,0,2136.66535,20.18123292,690.6336141,81432.92114,483.7666691,56.52009766,771.7505158,1031.080211,12230.74936,15.96718576,43089.41265,381.3356205,311.1271536,283.9663287,2.170427254,0,42.96412178,0,958.410793,2399.165407,14.92824425,37602.17839,58.49092473,0,256.8997892,3.857923885,252.1120229,421.6218258,239.7486847,585.6477749,38224.62279,458.8359177,336.949552,0.745710672,8.724066792,233.0236141,356.1888856,0,36907.74199,0,448.9976215,297.3401219,86.41756577,43528.4237,6.717918535,1161.805105,80.76421328,3071.370357,0,434.7587237,0,267.1335885,916.1431211,7836.725617,3.846346224,150.0463918,1.795558981,13.60435092,1012.108713,0,306.2341831,0,0,1089.179633,314.8876661,109.2016281,273.3847934,375.5287116,110850.3097,2.969619986,316.2248108,751.0519674,0,52.34915275,0,199.3137222,343.7404675,0,0,189.326889,434.3023818,4.220270574,509.2208263,110.6026833,0,0.14554671,0,0,301.0426047,378.9592677,6323.113415,338.132606,0,219.78222,1044.782768,114.6377965,238.5464076,669.4473006,0,194.6524225,717.1292005,17.38394,2048.063255,0,866.3898629,573.11323,0,251.8180733,0,227.6242309,0,163.763919,680.2423899,0,1045.991733,15.1541033,736.2802464,0,11.82908876,0,6421.208153,247.1004522,687.0696189,0,0,29.93997367,260.1456658,759.1796517,211.7745402,878.8922902,313.3425035,547.8480529,553.7373394,413.0842395,22.86742498,810.1265599,100.9284191,1800.504797,304.1946071,28626.13123,915.470116,50.14665824,607.6987866,233.4007693,0,0,767.9481182,0,721.7679115,321.4235126,0,0,262.2676401,226.1752615,0,1059.984063,0,91.40030183,373.8492151,836.7233045,1644.149993,121.0631917,4.454885927,288.0697965,0,320.5892564,0,1.076946203,2852.623399,554.9564313,1285.902661,341.6392332,327.7674139,2.034486346
242,pyrrolizidine,"3,5-P",Ants,NA,Y,3-Methyl-5-nonylhexahydro-1H-pyrrolizine,0,10.6,0,278.9682244,390.1183149,430.7843232,4.289386422,13.26551731,98.49362513,0,0,427.4163283,502.6420169,5.082116105,41.82132561,602.2544324,488.3972148,1473.243899,0,0,313.9502254,711.3301742,8.029336067,323.4355993,485.2825736,6340.00538,0,5394.276814,0,4301.940491,29.00294711,453.2846612,1233.465891,529.7999649,4.896471591,37.28276102,336.8159292,0.37408214,2764.542456,15.19970943,20.76544274,52.95647588,241.6239005,4.166281475,175.3520543,0,27.26201875,1485.07349,255.3147454,412.1838695,320.3077244,0,9820.32447,46.8349757,343.9242103,684.8660592,172.261623,260.2140554,327.9310879,243.9280166,28.63441395,0,4.708754403,42.10695677,0,12.39747678,19.94168532,503.25311,459.2168038,266.0235041,630.3638658,209.7561566,28341.32551,0,38201.45368,705.8183923,37.28282013,33.78914339,7.915565182,0,45.61649306,457.0015633,62.05032485,0,386.6685592,52.4505053,0.045490792,0,280.0841864,15.74023746,45.07801475,6289.94843,54.42783826,0,434.7492755,0,0,218.0397849,370.6329204,232640.3011,63.79794827,1263.254211,411.9158867,9.09420917,149.7584679,3184.463422,0,43.87536424,43.64776818,247.7455261,375.7679659,0,5.630726823,5.064328329,10.64851755,334.8133821,50.29454981,583.6828185,44.47078368,6.585268979,4171.312702,11.8268849,2.85074434,604.7512593,0,1501.195693,0,56.7484548,0.740012269,659.0135306,0,396.3561801,499.8593125,0,0,1329.700835,29304.464,0,347.7572322,352.9602685,51.90291793,28.82565123,0,395.7482461,282441.9997,5.283563048,614.7375395,5.211620807,58.47681838,27.29275465,340.9361909,0,23.84405375,173.6137634,26.63676506,960.382809,190.8410268,428.3117234,22.87515975,15.56021245,3995.771596,68.58073292,385.5894104,345.7322733,265.3095907,0,427.4074564,0,309.7805561,43.52881036,292.3708209,434.095873,511.4756282,31.74405564,30.41353674,226872.1139,11.26533436,0,187.5975963,360.4724735,35.64091661,466.3009571,432.5630976,674.0609214,145.2722374,6.233737546,0,0,0,13.17991937,84.30567592,28.3054894,347.5388441,432.275046,359.3496175,0,499.254025,521.5640642,339.5887507,0,265.6169238,42.99636437,229.3184682,0,0,369.0698351,375.5256477,367.7978332,322.9960861,323.0637192,7.338558714,371.2491117,340.8245433,379.887195,0,0,15.88277939,35.48544987,0,42.27650631,37.36577561,296.2569204,515.3423366,31.79457616,231.5474986,26.28618591
253,indolizidine,"5,8-I",Both,247F,Y,"(5R,8R,8aS)-8-Ethyl-5-(hept-6-yn-1-yl)octahydroindolizine",0,10.95,4300943.552,8.630050239,452.6872053,1518.391399,64.50180648,70.82182286,268776.2052,930.1156942,722763.7736,26.52709202,636.0540343,54.08435983,30.4894961,5648393.984,583.8707176,283735.0444,903.7785253,30.19050344,92.90908842,3712502.101,187.4293702,652.7960717,614.7005423,1504.485712,75.08330464,1350.202633,11120.8767,238.5676633,56.87634172,865.4248667,3735772.737,622.7496873,0.569371354,49.14982689,10.39894347,29.03309028,479.0906113,199.5338853,52.89972416,87364.46513,731.9295136,36.51134036,15.61011963,106.800538,28.01938556,117403.309,91132.53174,691.0727381,764.6587853,106.9249574,3835723.599,28.46852147,1214.757957,344.7396744,528.5473431,44.97403869,1042.248729,17.12037285,1.617252878,29.52218127,47.24074729,63.17715045,681455.4281,44.11984068,42.33553001,437.3950323,704.7804759,96.96134884,29.14742503,628.5934708,7177017.547,33.79035796,1490.368702,1535.016319,27.08604708,54.36476135,65.97512124,2828955.327,47.40791707,588.0902222,6446.234851,99903.6135,30.70868756,244.893023,76.7402317,40.40766901,620.1678606,64.60020004,5.064736448,793050.1783,59.83511051,113.1833561,6390.566386,8857.462072,51.80929983,775.1188641,1423.323306,3069.52112,78.70158806,5388.036219,40.84367971,52.44017571,811.069847,3309502.314,142227.7856,798.9869788,58.43597085,418526.4396,3348.2161,419845.5692,43.97560558,53.58781083,206203.4622,426.3908291,608.291846,1285758.891,37.71859128,50.00117857,4744.381267,230398.4341,7308202.906,15.62633781,59404.78941,6558770.783,467009.4284,69.74301633,64.07744475,599.3875999,678.020268,2188.329953,743.2129292,11301.49694,2120968.325,73.22827906,5670.386552,13.19705343,38.41194443,703.5154073,139.268697,1.323746771,2626701.065,745.4935801,1166.780088,51.98391668,693.0447951,39.43373918,54.11866261,6570.171661,20.40522937,3671936.6,681.7063281,158776.2863,121117.7319,1093412.665,20896.24708,707.6298149,37.33051914,5.295753763,2460854.584,56.52658225,518.6541468,293571.0307,1124.517771,2375.700826,42.18793927,6.147678276,1199.299331,10358562.54,1342.420554,8.0764092,706.78473,8482.872837,36.98990318,1973.314493,406142.3257,571160.3843,87681.72528,764.8249483,44.86495155,32.45444601,659.4958226,761.2417168,529.1206687,54.48938337,14.88520911,885.2753088,2232.604193,34.82203379,540.1240607,60.04970036,548.304279,1512449.387,20.02218386,92.94771964,78.88600132,672.1812684,12.4433393,1971.877707,32.55646412,39.60623473,297015.0812,327428.1403,58.6319061,102740.0729,72.70289372,56.31492148,14.52005077,211712.7015,56.30293473,100.917893,1136.004702,586.921067,132.3345524,31.33044991,476.479083,56.04742408,864.8757195,160.4461355,4775.929487,33300.09451,622.1802108,45.73513478,64.41590306,151562.9412
259,allopumiliotoxin,aPTX,Both,237B,Y,"1-[(3R,5R,8aR)-3-butyl-1,2,3,5,6,7,8,8a-octahydroindolizin-5-yl]-1-propanone",0,11.18,224594.0267,737.024706,1377.108777,1050158.031,63.4520743,2131.487025,6695.430895,952.8702737,42986.68554,1041.810151,1006.249421,113.5737788,54.11559483,1331.177893,1397.086648,1490.423004,807.208697,70.66724801,8136.820636,977.5063733,107.9293343,1035.415946,1288.379954,5907.734573,920.534431,1135.994751,2458.294295,1355884.17,153.2542409,913.7544789,284.4497644,879.6757033,81.93739022,79.79413645,871.2950683,53.62399527,2089.193088,810.5297919,59.179863,166.9281594,682.8408656,71.11516981,1598.573942,80.01971034,69.21366536,1396.062712,524.0112421,1124.155114,585.3035415,575.4209726,661.7225072,1004.176093,723.9982403,3522.043196,360.3923891,709.7847424,793.2126719,736.466582,131.4478885,2552.450787,627.2910123,103.1903312,427.8395158,128.5872357,57.28784653,1238.333233,21690.66465,60125.29415,1223.242595,1299.170195,499.6980174,79.17298643,1096.649093,4551.576702,916.0118001,67.95417442,319.8281289,149529.7658,90.69170984,1095.74961,118.972012,94.48538614,1109.174777,408454.718,90.38862094,211.1495938,1002.319868,2210.398948,105.2122893,13208.34989,76.97010825,1921.870587,530.840812,2724.576656,81.68735126,745.0299368,594.0157613,207176.6082,120.7792862,629.8798377,945.6126602,82.83446994,7666.260926,70864.32793,481.7822348,552.4356307,108.4522105,536.0364953,635.9330029,1535.428107,79.56879178,79.57661858,451.0037622,566.1368613,64.91281741,1193.587523,117.120147,63.18243048,282449.5506,59.90331705,1038.655297,1135.745001,493.025146,1032.494655,1396.807417,97.84482073,385.9101698,2010.48299,21600.48602,498.0490163,1154.690173,389.4335254,738.334139,878.4424763,1234.936939,219.9909968,904.3636663,1143.556043,110.5849974,216.6858616,889.381444,805.6340117,127163.7619,88.05959009,413.5256447,1964.02163,84.20639054,98.6016799,750.1570247,468.9219977,474.480941,425.2415494,68.65853103,726.9622745,613.9119448,637.795423,46.36755582,167.9138927,549196.0538,74.71599321,1768.565793,751.9896332,665.1106564,1407.423425,1762.643592,798.8689998,451.0745487,1337.156094,29892.65232,1869.031226,1246.081747,69.69966599,85.82163025,25360.27112,112.8639143,648.2927438,472.6821262,20458.28717,94.70508105,918.2457809,954.2326368,239235.9615,6578.1848,73.10059062,84.53660545,192090.0205,980.925496,59.42937865,1032.971517,112.0994317,938.407361,967.3836913,695.0268181,104.6233674,1747.491529,1032.552964,1098.926585,203598.0746,934.230917,81.11204241,606.9986232,87.38244754,113.8780845,1109.500889,2423.578582,508764.1394,1153.975492,845.5979147,83.87792295,354.8392011,442.9938452,943.2958115,86.62795075,127.9501135,354.316988,84.51720371,928.0655064,121.5346388,43.05777056,820.7331163,1003.991401,115.192143,91.73166424,47.26453762
266,piperidine,Pip,Ants,225I,Y,"(2S,6R)-2-Methyl-6-nonylpiperidine",0,11.36,0,0,0,53.26137741,0,0,220.0952454,16.54059779,0,0,7.113096804,0,0,0,100.4614566,0,64613.98774,2.503824206,61.92616359,0,213.9218154,0,58.68129675,0,0,72243.75293,0.199876734,764.7336664,0,100.1933076,0,0,0,0,3.710850294,0,0,12.29454906,0,0,0,30.73021494,837.3260233,0,0,49.41466943,110.4348508,95.13565111,0,0,0,0,0,192.3344995,31.80645311,6.471472972,81.00377333,0,278.9912552,1.232407685,0,23.60434212,13.94853539,0,0,166.677407,194.1370803,2302.788947,0,53.557359,0,0,538.9681903,97.95170368,0,0,8.274048354,0,13.243925,46.89452216,0,0,12.99172028,26.10833955,0,4.309127105,0,32.08811129,0,166.0256058,12.62728507,5.820980463,0,39.40186748,0,65.96656129,0,81.48837239,0,121.0746492,0,0,58.55092048,229.031414,33.13155804,61.71559689,0,0,0,11.71591717,0,6.685262199,39.54377066,70.65543485,0,0,0,0,21270.83005,8.777549286,0,0,60.56547409,0,4.298547115,0,0,0,0,150.4242799,422.3051719,0,0,184.7159694,999.5500841,450.6211631,14.65457785,770.8522603,10.66716982,1160.740815,0,0,46.60314686,13.04871355,0,6.990471668,5.152146269,5.343304252,108.4841902,0,0,20.8788852,0,0,19.76850103,8.652936469,0,0,12.06402583,0,0,17.23456757,233.2935031,80371.65387,19.99495138,10.9382136,0,0,330.9841239,15.19005251,109.6693566,0,0,65.69728342,0,0,31.51769914,72.21832139,0,142.8694246,580.4759772,201.8800882,74.40015246,10.45616034,0,0,248291.219,0,23.67812147,0,39.78417892,0,0,2.707451247,76.49451835,0,110.1221763,111.5800821,33.7472055,0,5.350814733,97.08084366,12.0942992,37.84960897,0,147.5580955,0,408.2415152,19.10319299,59.71744336,33.3455242,0,0,0,0,0,154.2598616,1.223753887,0,70.88414631,0,0,7.787113256,0
268,indolizidine,"5,8-I",Both,217B,Y,"(5S,8R,8aS)-8-Ethyl-5-((Z)-pent-2-en-4-yn-1-yl)octahydroindolizine",0,11.39,17747.20756,883.1247757,115144.2445,242503.162,6.742467947,6245.235662,49775.63962,190.6782196,782.8830354,151.709664,358.7912593,6.39E-08,0,105.2895434,112.5381482,1148.785677,3407.865126,7.710334933,16795.0448,154653.4445,12.26085441,24578.70899,31893.48518,18047.71551,337.4788428,783.7964108,1551.759771,954.8427562,12.08053926,30920.15804,25585.79561,233.1098554,9.211821757,3.969072482,185.4059927,4.309220871,53322.69216,7.508716999,0.005880676,100.1002962,60.660135,8.290369348,196.21668,0.67878058,6.284475787,1024.575034,9668.808827,90.97981474,105.4110463,0,48635.92457,11.21301814,198.7250311,10445.29125,588.5217018,225.0890951,188.5358309,154.311169,6.785428154,3.491572773,0.723953421,5.997767101,3758.509543,6.635778122,3.102490526,6271.697698,590.9096494,81.7106737,455.5803556,20659.27868,534.2558576,9.648854068,450.7126588,68706.87501,641.5667249,3.998806588,1.890970528,17635.53909,0,161.1173363,4.723447013,5.513402089,195.5447427,5.889254481,633.4871653,0,129.4130327,4878.240196,7.387810574,192.5034497,5.676840629,1520.389509,157.2718607,92.92800908,7.071870688,176.9830552,243.0579909,131587.5362,1.359997695,449.8870312,18797.14853,14.31969923,2336.028338,18530.79085,36.29978299,72.45619588,8.268029248,2166.580858,46.85322829,12.89052181,0,3.807880673,78489.88411,104.7701394,0,450473.6712,0.542966464,24.24634503,30825.56145,173.492542,1246429.036,263.1252538,11.4872457,168393.5037,295.4834858,5.304235804,1.6586165,131.1148925,2212498.105,75.03755729,92.90534036,2.619306235,191475.0795,508.0705632,183041.1992,24.52538881,100.2445783,66.75435544,2.814429245,10.66951571,136.9081771,76.74060162,78891.37128,3.85E-08,140.8491158,4.330801315,1.156698017,4.661650524,100.3072409,12532.21873,23.28101092,3746.423399,0.45380033,819446.5178,486.461807,39.86118448,0,0.2225296,7.341060683,0.115538228,69827.66191,5469.605566,149.9179452,818.4421185,48983.77559,807.1665051,111.3315358,219.3722862,138.8178992,8551.951028,364.4255881,5.480461667,392.3331736,233885.4519,759.2129022,307898.2591,8655.241265,621.9110138,5.998011033,248.3470585,48.94051699,85269.65131,82.9178323,5.774781904,1.041234081,24797.57793,169783.6254,7.325842013,119.6575094,0,1793.889494,357244.07,299.9948365,0.003886684,9550.520447,6192.247833,185.2733332,141980.7281,15272.6081,0,5681.654564,290.9131976,3.886893288,2743.659082,62267.26607,1495.215678,12364.83934,41.57608906,9.539677077,90.59062409,78.60313186,2349.668359,253.458673,3.839554482,392.5371424,0.868143363,641.3502192,1.501750142,0,39.47147698,367.9391373,8.381244448,7.196107398,301.9272986
269,pyrrolidine,Pyr,Both,225H,Y,2-Hexyl-5-pentylpyrrolidine,0,11.46,941354.7288,28.43602059,34.21104723,109103.8308,0,2.607404926,77.12487293,86.52979554,226003.8724,9.231456625,60.12229695,1.800478845,7.124501067,13619.03692,35.26115681,1881.781244,375.6575709,0.00625829,146.6681879,276648.9661,0.065108722,4.336835434,87.04772583,22545.79956,60.06648973,310.4360618,1785.033299,25.55415867,2.010362458,14.89599791,683067.8992,3.187894081,0.054706326,0,52.498467,0,41.24053451,399.3986339,0,743.1880101,37.04744513,14.88119706,454.0129688,0,85.66971152,1740.035371,96.99961268,22.84793152,6.569826642,1230.327115,5447742.924,0.093040966,87.58992628,698.7473443,643.3321072,265.5654828,4.474569405,533.8837168,115.2712099,2506.150388,204.1978487,2.551705314,2302.842523,9.31E-05,0,25.05710374,103.2175103,51.47149146,19.65026016,8.440522709,2555318.725,235.3396446,68329.13419,8857.680226,19.49099118,0,0,1419207.55,0,15.27031981,499.2780799,1223.518014,83.535079,407.893438,228.6250861,10.35210286,19.67034028,639.3005696,728.7826813,587.1059669,0,131.0852655,69.25412218,318.5987393,0,13.96417934,11.59291443,95121.28339,826.239991,12167.05058,26.35938262,19.51927343,711.461831,24733.39928,0.240857635,0.719273564,0.137076006,54674.67309,70.83320882,5083.785643,0,831.2457052,0.01897317,9.207292096,0.004112077,35854.21541,0.00356076,0,13071.29082,1978.281129,124828.9715,69.90314225,0.015578062,145947.2768,2225.144573,0,0.296673262,72.41419448,7181.707444,13.35829103,43.12427656,0.696265663,4744.231698,43.48712491,2666.656173,536.4145958,16.73297715,481.2139885,6.199817423,49.77925124,14663.63403,28.52785021,64179.75272,0,15.8791113,1118.992145,0,832.9818142,95.8104698,552005.7549,0.759448818,3.965469232,1406.50695,125790.3394,14.59621209,0.296449889,0,9.996547766,1250738.309,0,9.068600368,3.993037096,10.71506604,2437.697229,598.8710021,237.1079022,620.911064,14314.80702,966.2362208,10424.71384,653.8943616,14.02316775,303.5411981,180521.0786,3025.733803,2343.812526,40.14805317,15.86756103,0.819953757,7.031084234,4.287745784,26799.07948,29.56319663,0,4.940150271,102013.2586,82404.32987,0,102.4326527,610.5081527,29.77954948,614021.964,16.9908753,245.9503064,36.88596128,160.3227291,11.6329618,378757.0695,8.17472688,0,3911.11786,474.8434443,0,5.754408275,26.20410219,43.40352715,48.00086982,6.795777095,0.034495108,3.583574055,97.73297466,754.8942313,660.4541506,0,31.66043403,0,430.6463484,619.5522777,164.836958,354.0467855,67.2462388,3.50E-06,0.730906313,575.1311765
270,decahydroquinoline,DHQ,Ants,223F,Y,"(2S,4aS,5R,8aR)-2,5-Dipropyldecahydroquinoline",0,11.52,44.97117678,103.9046503,835.5734896,1861140.735,2.026416677,102.7803344,90.26887344,515.9611008,1368.350868,297.4712391,212.8443997,0.646920157,3.2457778,1415.037709,408.456497,3474.411691,116.2809228,11.30314207,204.6595038,1754.609036,18.58896515,112.6697933,1758.297628,749721.1104,7.517212434,66.23793894,8092.668981,3787455.236,6.524504736,59.68331798,11016.06978,244.6021318,1.048852552,0.553081967,219.7256222,8.064196021,187.827987,62510.79653,1.067104519,6.438061379,313.0704816,0.901189653,23.93281179,95.92622677,13.41356143,5834.423939,342.6927096,328.2560924,349.3071532,10.58789876,932.2172274,27.07709337,322.3026567,334.4321491,311.4037835,129.5392115,328.1650815,774.6985167,127.2581395,11529.94356,8.442938936,4.185701856,202.7885592,16.75901604,0.354371346,1260.828051,627.2607498,348.6621627,128.4085252,73.86842314,269.0627421,11.17486031,2938026.96,1124575.54,7546.919655,0,2.292493262,55.85232097,2.853622951,168.8169944,1063.488612,2.617167015,462.666571,377.0319806,611.3260096,0.767591537,503.2541847,294317.4945,861.0429723,291793.119,0.918556793,304.3200883,472.8047599,1054.465768,345.8703772,368.7344309,916.3741262,1280803.504,2686.743934,582840.2679,1040.995757,7.023361636,1035.213859,927.1017112,224976.5402,385.6102958,0.483223839,273.1805475,415.1821725,2744.135212,0,19.57050366,365.3004967,332.3749832,2.211356975,1749.847307,0.740361344,0.633654324,636527.0896,17.13111309,2930.905473,162.4328817,183488.641,3267.095692,6730.694156,1.977837708,1824.257095,1009.871572,133011.9196,972.6454163,376.9114392,1173.906024,355.0534064,149.9122322,3089149.737,953851.3798,420.3360357,1397.538669,61.64823713,617.7536358,2689.052398,320.667168,2049540.337,7.231591724,388.1996854,81.88952816,2.292708659,9.738574256,401.4817035,4963.200104,184.0366607,304.6474617,13.4585073,594.7272978,361.18723,368.9367438,0.674965087,0.329405032,57.38303914,0,957.8728126,377.8208157,334.7229743,95.59639642,242.4170959,1220.712101,421.126047,2958.22896,99.45720426,1325.518152,547.5626345,0.167353806,5.517999953,112784.8432,128939.6601,823.3680142,272.8296855,420044.6103,2.97E-05,104.3133891,319.1674202,220908.0259,79.03074932,231.7845234,690.433626,74153.87485,729.2709972,11.13521289,543.7970922,962.4706887,52.00951619,2907.187749,93.19917227,75.86252424,1202.398643,233.4064131,316.6802361,110186.5592,80718.88951,2.087540859,348.2873423,9781.896791,4.730765283,442.020254,1354.177086,277.5784486,772.1851042,316.7108367,17.72481866,982.183468,294.202201,349.9233848,350.932798,3.55633962,611.8913647,0,738.9133675,405.0986475,63.6487588,128.8880667,204.8669294,1.331080614,1.411780654,101264.9243
277,decahydroquinoline,DHQ,Ants,223F,Y,"(2S,4aS,5S,8aS)-2,5-Dipropyldecahydroquinoline",0,11.71,1649.171071,139.0568175,537.3364845,0,2.897850217,40873.16872,74.8297889,130.4408744,892.6380635,234.3597134,166.9995675,4.366906947,3.84954577,331.4392801,10434.1012,6954.546971,54258.73351,1.68397982,0,2033.967033,0.272911291,135.5882929,249.1425021,208106.2991,4953.39572,2699.151884,7873.477952,101717.4454,6.826991106,168.9785601,340.3777961,215.8469934,0.202749933,0.24021223,153.7100707,2.108920495,249.1252071,2232.230277,2.111974551,16.58464944,447.7491643,0.661212917,212.276935,233.4601195,3.641224012,449.2963638,782.3880597,544.2874418,566.5910663,36663.90679,1081.077009,1611.34695,617.8351826,287.5501419,352.5703082,130.5328591,114.4593224,167.768445,53.09652244,45450.60747,0.290604239,2.247079208,331.3237639,8.936034898,0.143072804,3181.280044,1297.358294,570.0010018,220.2928605,195.8122954,479.8292869,6.446013525,96089.52607,249773.5395,239.3644797,2.372730987,0.979416913,575.8293999,1.901235552,200.7426336,6.009375199,24.68862589,2671.813458,15312.90826,32586.77771,5.524739891,162.5742878,12906.13495,13.99354857,3084.573526,0.163342828,21077.55565,843.4814292,0,247.7863237,635.134967,1034.186965,267.1147673,4774.089386,366.8015659,389.1408284,43.28526912,577.4918606,1910.515702,2122.727526,472.7689048,3.595161954,558.0066064,816.9277394,316.181474,1.37924421,1212.348201,2697.195362,691.317094,0.155615901,0,0.244871946,22.44620295,520.9168748,3.092215636,0,184.7599448,2638.810639,314.8990231,1193.378872,0,1.664101114,1076.005513,230358.3172,564.3672954,450.2645822,10351.04587,457.8163355,36.52825836,106734.2974,11854.26595,173.74399,611.1747428,308.0617394,423.5504606,1437.104049,529.964856,0,3.0314433,562.3190798,11.0689427,0.478824916,2.13065264,127.0978519,666.9840739,394.9098406,349.4149598,2.589612647,2665.061625,503.7928742,593.2049641,0.576832791,11.63024215,7063.320492,2.200754075,226.0643007,536.0884783,0,57417.73189,249.992538,19037.60143,750.18552,1032.752998,49665.94821,238.6398898,957.2918368,1.349105503,6.898624827,0,613.7671235,604.5682918,438.572612,1995.703691,0.170328108,209.261207,614.103172,382710.9843,486.2470664,0,354.8955809,97262.32062,50043.53309,4.288207622,176.7772273,3888.837067,209.9739348,979.9807855,218.8832889,2781.647685,365.7410087,421.7550336,226.9080057,3621593.509,936.0913144,16.08046772,626.2097505,229.5028375,2.285349279,569.2437467,843.7027769,766.4546914,367.3502299,566.4276261,0.167399371,663.8553568,744.1075459,497.3705027,27217.25077,2.017370657,4034.744255,1.647336253,232.4610681,3106.950376,2.674721403,24.71718871,359.272846,2.707396061,13.66908659,0
278,decahydroquinoline,DHQ,Ants,NA,Y,"(2S,4aS,5S,8aR)-2,5-diallyldecahydroquinoline",0,11.71,150.4546039,248.1369828,838.6100974,0,8.354660424,1492162.757,12.91682522,52.51062574,1311.23598,34.57225982,14.84207659,8.994589494,5.556550327,61.4707498,26.41731106,141.5707197,2166.841514,5.053368722,3384385.975,200.8241688,0.124600856,23.17554806,52.88996393,445.7097254,1560.905719,71.5489618,0,164.8623785,6.54240057,34.53091351,180.757299,40.27882418,0.099406666,0.109671716,12.71648111,4.957387681,51.11044726,18.97475987,4.969124709,9.932044477,177.6911905,0.408150419,60.46358204,98.53700691,0.972182358,187.4990238,934.7002153,213.8674324,203.8380142,9144.468841,3065.871568,477.7873395,1560.242702,86.55475013,151.2306903,47.50870057,128.1584133,22.38971429,6.640756961,13912.24481,0.132678779,6.650849496,120.4721771,8.039941799,0.065321569,102.2101234,86.75878977,203.3947985,21.22124277,21.75164938,213.5086383,0.57105578,3257.8018,0,94.89990678,6.437467733,0.757116113,220.3114236,5.781450857,33.30994173,0.288863531,10.02541288,20.13831371,3741.165013,7623.344897,6.926177733,28.4795972,383.7878439,6.593363574,0,0.074576085,6528.741599,1105.683934,0,93.61883646,522.6403392,2488.937981,0,213582.4048,50.93597816,80.46036474,0,225.2313091,218.3518754,76.28584666,200.9052599,0.153745012,182.7915686,1855.88901,9.362067397,0.687941106,333864.0275,165.6029231,257.110478,0.071048268,5615.03896,0.111799164,4.193862245,56.74886905,6.583059062,0,31.09663118,12.96632143,0,224.6498658,0,6.004651046,171.5238148,0,247.9973655,188.5282365,3918.242236,181.6610335,60.10212201,0,583.0492017,46.21331701,214.2153724,104.4329307,146.9187254,166.6223801,227.3772315,0,7.254528767,1214.283481,3.067489928,0.088027465,5.831396177,12.03426377,212.5689487,153.2277469,131.7388651,6.310731308,168.8373686,191.2545376,219.6761394,0,14.43002299,8878.406668,6.919760488,40.92767338,205.8766174,32.85066076,0,77.60487965,5327.862082,270.9850362,118.5908761,15440.73421,102.8593918,19.71261997,3.920427664,6.749914164,816.9056724,0,0,160.9393682,833.3202777,0.077765299,43.18585028,224.4506162,0,366.5274353,0,230.8676878,0,194.1904681,5.709070127,24.83356091,883.0924817,38.87745386,129.2816121,32.83741075,844.4121339,118.5119763,101.4052644,49.23439619,0,196.948004,1.850997384,723.1609253,12.71749084,6.353109953,246.9067986,848.4138296,266.3471047,120.9830925,182.5783198,0.125928359,922.2413041,260.4623935,176.94866,7955.743736,4.822497377,1190.904466,6.280745893,62.49210291,1032.862206,7.05300088,19.1200193,53.35371262,6.07619869,9.028176177,0
279,indolizidine,"5,6,8-I",Mites,223A,Y,"(5R,6R,8R,8aR)-6,8-Diethyl-5-propyloctahydroindolizine",0,11.78,7901.254054,578.8555596,484.537754,9945897.813,60.17935162,144663.7169,813.385726,691.6745851,3023.966499,349.8463448,430.2342806,49.16151768,74.12936595,33516.60917,170.6944727,7285.701105,3248955.434,6101.696604,229.5157319,22550.3545,2137.420353,223.8898661,2546.896032,1733868.212,5524.278549,1071099.803,32426.45835,3735499.507,64.28139136,48.00854257,31959.5994,228.6003761,94.18115995,38.50363418,716.8101658,24.49823737,338.7698867,52958.95486,5.283444407,50.69850068,260.3660439,25.30036323,121865.9575,69.87477302,28.80439807,2665.690853,329.7756763,829.5337203,228.6929643,9.391586526,353.9936971,12278.0726,317.4089881,4445.06695,281.3659654,475.1415042,4747.131409,360.1076109,547.0343973,239835.3634,102.8527352,30.17093973,248.3138253,22.83746247,20.59029771,2958.600655,2160.113523,668.6095641,382.412146,365.5237175,438.6726439,196.9169995,3036193.844,2762990.962,56019.5894,71.69537225,12.75291355,525.0557661,67.70015625,258.1257393,336.250401,25.72662476,201.845223,126724.4799,41.85497893,53.40089704,410.446925,257026.3028,444.3562115,274097.7815,567.6990137,13.84331309,488.8866376,811.1701493,1915.249863,343.9308657,510.6603501,3029981.878,220338.2445,437027.3087,406.6051641,69.23200204,4870.756559,169.2583592,96780.58032,335.0178827,29.97719078,143.0024141,399.0325686,11.68645209,14.47240725,7.771752297,303.3005723,330.2357514,81.14968764,48860.39053,40.78637328,160.3084125,953506.2601,12.91540985,66084.03565,498.2414507,163428.2066,155974.404,8100.022306,82.16326034,70681.7787,2148.604221,1476390.265,768.1139643,1339.847283,47945.61639,347.4110269,1748.510421,2792098.353,838983.6155,252.8723573,331.8639508,13.79497335,32347.78214,34642.97583,375.1008145,9212115.867,35.97323493,308.7308156,206.1235617,70.53768885,33.62721025,357.1234221,10025.6293,116.6757509,258.7882537,40.11867972,69625.9857,351.4141472,360.3810271,11.83820427,69.51537296,6102.561127,66.91319252,521.7289695,374.854027,84515.58486,2904411.813,434.4066944,118766.1465,337.2391583,26083.67755,147.8039907,1662.912893,529.363964,10.7302851,22.8874187,629428.5248,91134.81378,63670.14125,292.4489775,1307.485048,55.5737241,516.7382576,443.5403087,2450673.38,13.04491702,9.217983432,154268.4362,803189.1373,2749567.179,62.10256549,283.9145709,125.8635666,287.0165579,491336.4154,326.4194458,9566.254923,1187.927307,3040.684905,390.9313968,407437.0484,3216.849931,23.16556351,222.4673446,9122.869047,8143.108944,102796.8933,262.3873836,4378.533986,1426.36693,203.0493062,118.8694437,393.7767718,566.047923,3452.043226,88264.82657,46.28102765,20310.07506,17.68464802,739.018969,9752.432046,13.31289271,252.1496995,681.2861849,30.93879738,65.20517926,115881.9042
291,indolizidine,"5,8-I",Both,223V,Y,"(5R,8R,8aS)-8-Butyl-5-propyloctahydroindolizine",0,12.09,8056.794511,3536.031936,2676.441596,2570693.766,82.28516225,2770.181571,1200.526881,3954.470869,2586.360354,2366.985589,2702.560682,36.46758467,28.01868929,3586.278622,2312.117547,3865.605186,9965.499988,100.1222856,1714.740958,4744.034795,381.9660441,3369.961318,2245.410846,2944.400462,133.6010336,3271.412246,11381.80278,59184.78435,70.45354055,2024.848933,2254.096903,2541.962496,42.76031472,41.17523792,1642.069775,23.94662165,2120.406017,116.1528388,41.13452319,49.38027729,1707.346572,21.11463602,20463.09965,107.9787686,1864.888661,2326.163298,2022.942255,3024.61827,2149.015734,198.9636633,3699.835006,1584.800521,2553.572746,2645.735173,1853.861457,2260.438966,2473.800344,2228.986718,3303.381459,242.115887,2658.604179,39.71983388,1118.631862,36.80098802,26.65919173,2599.661908,2703.126447,2467.341318,3310.354441,2524.673598,2128.636461,2018.270385,3627.259143,3300.47625,2700.617163,42.15638078,44.8599915,4253.108308,39.97941942,2304.687828,3142.309675,47.34933075,2478.598015,117.3722051,233.2518744,30.54922362,1605.370039,659.1979608,5229.400603,76.81241278,79.47927706,71.3978675,3286.048472,1757.826649,291.2910516,3111.77627,3523.506358,532658.2729,262.223606,1981.112138,1857.663306,43.02000024,2289.508088,2158.721912,3804.096977,2322.749786,37.28847921,1555.105172,2932.4896,31.35806509,45.07929759,3587.189071,1903.75286,2465.832014,40.78223652,5290.896795,26.86882194,320.558548,7508.19141,39.28928518,8502.24082,3347.693957,90.12874783,3070.470714,5350.994862,72.82700185,124.7179514,2802.133294,849835.5127,2862.743055,1838.004768,271.5108724,2217.113971,4328.520733,58118.48073,1071.513143,2343.08118,2196.409811,53.03919822,1720.166584,3010.524646,2094.369393,3013609.788,43.84000717,1880.526948,5184.447889,57.8059811,40.36612976,1504.973744,2276.11525,988.8808044,1591.928056,28.29913749,2080.19699,1869.557831,2212.254527,19.48928184,54.31137873,7287.691266,45.46068813,2027.875049,2166.546238,2486.62742,198657.4589,1921.147449,245.5519348,2686.581583,6149.510233,19696.45188,2729.199412,2077.151749,41.5180894,30.89746109,4027.225719,12150.37287,2296.579199,1909.385255,2560.287212,84.3052774,2500.622445,2689.616228,1589835.8,1321.173421,56.91506867,256.3756501,826927.3402,3276.914605,40.61212788,1742.65879,4037.352436,2158.77091,2801.770983,2343.071209,99.32332014,2379.306931,2304.232903,2548.817737,72711.64154,3573.852803,42.55331858,1896.123344,81.57315405,104.8408284,3377.316128,2485.976135,4996.906981,2405.021537,1936.030854,102.9641358,2550.681436,2582.145942,2166.500126,216.1815358,39.96383056,255.2222442,42.9035043,1939.936634,174.4785625,42.38083668,1774.465909,3205.271554,38.67714108,45.97527236,146.9054917
298,indolizidine,"3,5-I",Both,NA,Y,"(3S,5R,8aR)-3-Butyl-5-(pent-4-en-1-yl)octahydroindolizine",0,12.21,120.574267,0,8.252748999,2127.791553,10.47564415,114937.3155,0,0,0,202.969933,0,0,19.27922241,158.1872927,0,0,813.4399139,17.16288888,2476.987124,329.702015,4.173307779,28.00201709,76.7324175,1123.490694,335.1269408,199.8411381,112.5454727,79.63158114,17.13076483,228.5333951,159.8018113,102.5916136,32.39102853,26.07255649,393.6650728,26.51688084,0,12.79589694,13.27849155,7.041697698,0,8.820730377,355.2665615,18.89382106,26.44144867,0,132.0592539,150.1467887,6.892630898,149348.6676,0,1197.273616,0,278.7798168,171.203498,7.932014129,0,135.6911078,27.71887707,955.3017216,0,11.89075934,114.8546708,7.877892333,0,0,137.4767295,206.2082484,93.82596642,70.13758123,0,0,0,509.3093582,149.9504021,23.19494888,11.23923816,0,19.75847078,0,46.43870169,14.45336187,0,427.2045375,24554.71031,4.734994658,0,17.78168958,223.5317377,0,16.71023942,46403.1425,0,209.6431572,2879.345269,352.5256574,0,12.37692722,882.875617,0,0,0,50.75959563,0,6.847889267,0,0,31.1042715,1008.108759,0,0,326.0002082,240.7761837,0,22.59529784,503.2150607,15.7382348,19.91535725,0,10.85901308,0,435.5843083,2.788008914,464.8612974,0,29.51753172,336.8336243,0,1269.317839,120.5505765,0,21718.12988,0,0,34.60392385,12.09602531,0,0,705.9833576,637.3018495,1434.753664,0,0,33.76806618,277.6664546,13.52481505,0,18.29719165,0,76.01155967,15.39617147,92.52238082,11.0060403,0,0,35.34614935,0,5.464318225,0,29.06254496,169.493697,123.5037973,173426.7105,3614.834974,0,60685.19383,9.821107091,0,222442.8858,0,1375.501609,0,0,24.7459616,0,141.475397,0,0,2.100494666,0,0,1831.860481,0,7.147387238,1867.969487,0,3296.306797,20.53170942,0,36.82889373,224.8615117,79.20284429,0,339.161645,0,0,310.9083949,0,756.4695878,0,0,0,23.90134941,98.98496849,227.6337215,0,0,136.0438565,17.99422453,0,0,0,2689.015872,0,2329.786606,3.865645435,0,2814.907853,7.121561995,29.57943092,0,26.89217777,9.554720667,0
301,indolizidine,"5,8-I",Both,235B,Y,"(5R,8R,8aS)-5-((Z)-Hept-4-en-1-yl)-8-methyloctahydroindolizine",0,12.32,521516.054,2772.580544,66566.84632,10568768.22,759.3010536,581460.5883,144151.7041,194112.2179,128657.4549,3106.161362,2083.913829,85.34066584,184.554335,11326760.26,2428.42854,2218958.864,1566278.539,863.2083996,1707021.86,9776579.846,1730.005501,112505.7931,19371.80848,404848.2201,21236.32622,862948.2408,30063.94522,1240968.25,180.7244761,51603.06456,649625.6408,3139.934637,140.9444494,190.2206383,1320.398432,20.77728087,72284.62027,174.8886729,79.83669782,289.1922884,2898.082241,191.1351417,91580.81392,3135.046308,125560.2918,250848.4391,2726661.315,7825.51662,1334.332663,327064.6623,445573.1456,42270.29895,5169.633695,24401.3735,495045.6585,2650.913736,3848.076261,2217.803477,165646.1263,151160.1751,78963.00356,65.90476541,333072.6186,44.22651872,135.996521,16822.82702,1070763.682,3385.206246,4589.280406,306482.4501,442041.9904,316760.1317,1004965.629,4251066.782,5403.559117,121.5124085,515.3906444,323433.2174,172.8988271,3629.164919,530149.9211,49.52797994,2851.809571,35678.98094,222014.7446,88.86053814,69805.83557,181.1255706,869996.1195,167.2763057,518.9512122,119544.8224,2593.083079,273989.4254,176975.5578,3028.396356,5455.414461,5545622.442,157749.6264,853.7051519,17785.8913,283.7127784,22723.40518,154465.0898,135.4771066,1707.370054,113.1359328,53331.1519,4436.34867,21728.82328,69.68577806,28.23926403,21064.66965,2486.263997,133.7640214,11165026.63,164.7242282,2051.42976,1345384.03,218.5303983,17565840.36,6876.953187,225.8930082,9620602.933,2324.116674,216.1388362,36447.12781,109861.7322,2102890.615,4913.176338,5413.535748,70087.44066,151948.8251,13361.91064,5090247.729,135.2002579,2169.745132,3292.856009,2601.884227,7328.83144,9520736.528,2798.927611,6749630.794,47.95116009,4975.654868,882665.3492,249.9299524,191.0618611,1547.454471,230976.7994,2280.594874,1901.247961,95.61652285,6323839.656,4934.055181,2857.773171,123.5794298,121.5329851,354705.3471,38.78649745,43092.48168,12246.41436,3718749.382,1854385.551,25552.7699,156463.9965,4902.963242,14161257.61,91952.34554,50714.6848,512052.7373,115.3138958,49.67743216,4727626.521,195.1422578,1662745.323,8108.781271,59002.11474,1128.620211,2947.209037,2460.458544,1955868.846,39239.29148,318.0467249,172313.6802,826011.5209,828628.2141,117.0092609,82488.45608,661955.9977,9775.778867,6196413.352,3128.271225,15709.97823,1276815.715,3871602.629,2293.052378,2606160.165,11023.42678,117.5934868,6807.276181,353.6320916,1260.957537,21744.87648,22234.18312,3587.899805,1404380.043,20918.70937,704.8225721,2352.293621,3731.782588,1276658.65,146000.7458,74.90231763,459523.3579,145.3050233,4843.42349,71377.3158,46.19133046,25132.22313,5025.142123,156.9498473,71.69175568,286.0370081
303,decahydroquinoline,DHQ,Ants,233C,Y,"(2R,4aS,5S,8aR)-2,5-Diallyl-1-methyldecahydroquinoline",0,12.36,957.0142681,1829.336781,1486.697855,2.489333189,298.6257872,192803.0704,2349.175517,6284.818024,442.1223973,1689.868552,1451.763585,393.7968886,4.452660073,7424.767803,1614.448134,580.8945373,13540.50652,305.2384685,326316.8714,0,27.63021592,1216.575707,513.9600428,5.14999131,618.8490604,702.3351631,18.59340148,0,192.134654,1597.232856,0,1599.458626,15.21544496,64.01762896,1555.14752,173.0074513,113.2598246,827.8223676,0.124622337,661.7377728,364.3853414,32.2767401,1678.373896,829.2832202,439.6498479,1544.263459,246.3744021,957.1089655,281.78278,2676.30171,1112.696463,1659.614909,374.79376,86.35846585,5272.247109,1290.999246,3968.209485,1348.677852,29.49739434,832590.962,670.0142457,4.724628,32.02781873,554.8357871,9.734024159,370.5836678,324.5612795,6589.277012,1848.494806,0,0,702.08147,1273.594861,15.3479395,4031.831258,379.5943294,427.9713926,0,40.82032941,2579.055971,25.83841825,474.1633013,976.9944106,89196.46747,4819.122494,250.4236695,1682.303407,1046.84856,605.6484765,1908.69211,443.529535,1262.456271,375.2133486,805.1022295,2387.615423,6550.246977,276.5092907,0,5346.479166,179.0145119,139.0739815,32.83019224,5445.017627,3817.118957,814.4589592,288.3926399,5.768850993,598.4940557,372.3636401,142.4428034,45.42072437,867.6971206,279.3268942,315.7307311,72.37813136,5668.984795,473.3398208,0,507.0138328,429.604342,0,1173.400331,707.4192995,0,2065.111499,5.479607199,6148.5336,975.6207696,0,319.9595079,471.9000746,990.2566017,2529.063062,884.474059,0,1994.408026,1622.363185,572.3729316,47.49884455,1958.970128,0,654.4026792,9.437978014,612.958266,192.4102763,9.605455513,72.19796634,356.6641626,1045.648053,520.6256016,328.3634067,2931.742597,216.213177,0,2370.616517,919.144684,9.520950861,248.1764361,569.7497522,501.8133404,36.18359818,5319.504678,151394.8995,8512.170773,224.219941,2391.580264,305.62148,0,97098.87285,1041.067556,12746.30494,452.3356646,69.0722334,2.081459392,1092.604836,0,574.5432281,36166.13152,282.715531,1442.492607,316.7808961,8579.151894,5455.569382,134.533963,7776.936278,0,16406.8488,52.51914244,1534.348829,370.016437,887.7003956,0,1517.819896,1086.402496,326.3898443,551.4461174,991.4386981,0.866774119,1226.618543,30.92996685,3463.008459,847.4697333,260.0397363,1222.253896,565.9320765,1020.26159,640.1444134,268.9076082,22.61613622,539.6569938,328.5379786,106.0654707,2862.709953,395.9535953,4345.462018,562.7687373,1369.357033,3167.405072,307.4837315,729.6520179,2905.181129,500.9018943,344.5401563,668.8540255
304,indolizidine,"5,8-I",Both,221Y,Y,"(5R,8R,8aS)-8-Ethyl-5-(pent-4-en-1-yl)octahydroindolizine",0,12.36,2456.132063,167.2836115,15.78049241,2.887425113,134.1795833,762.1460536,1062.724216,11366.31891,1161.433286,165.3622082,167.9341045,159.1557322,0.015256432,0,222.3782701,36781.45071,5583.950362,139.965544,1725.703551,0,3.88741478,130.5716405,76.91529213,9.594671883,28.11784497,1890.086141,1.726302359,214307.4547,88.16807895,572.9884163,191.2932536,199.8568566,6.561039109,7.899577854,159.1019008,78.05170583,21.68423852,285.1235188,0.237979359,307.1321742,60.83436521,2.793183279,411.8911302,298.5777781,161.9791693,24294.82587,28.97033447,206.0984395,33.30055333,425.6994183,0,745.8826783,72.31240171,38.18358567,2180.375752,1344.8696,1717.891162,129.8505762,8.727035347,0,339.1494825,0.566397799,972.3853384,223.8459187,0,28.40679206,1300.676596,2682.805152,226.2727287,16121.12745,0,477.1411229,155539.3499,33.87003395,421.2135954,160.3067314,190.6798766,479.4458195,0.211895633,221.8388429,17.43598203,183.6107954,171.2282273,0,320.3159409,90.85827305,2390.627492,3.568549572,3.846096594,895.5815222,201.3564855,687.7060132,49.83438766,295.8201257,213.6822786,2662.601358,90.63408962,0,408.2523002,818.9271435,23.45684025,5.478969675,1963.825569,1448.059882,268.8287436,41.1136128,0.01979729,645.9597096,51.79031805,14.47609559,5.167352542,405.8769494,110.4270456,47.54156318,6.678957227,0,207.8322106,0,111852.9292,138.9793735,29.70535911,148.6859093,235.8255008,0,1079.350502,0.017238171,374.3187548,3386.534851,0,48.54850266,115.4656922,168.5702552,1261.498966,183.2244717,716740.5963,489.9032203,171.6555105,35.05958523,14.84342092,226.0237209,0,25.41939428,24.31657165,255.701574,34.83937788,1.452365818,6.607896536,148.4123428,150.9075564,248.8487474,41.03848576,1272.808531,99.67742915,0,1022.457786,65.80754665,0.369723715,107.1164615,0,200.213926,19.86108668,2414.772965,1070.370285,413036.2586,1030.724478,576.6926104,44.54338525,0,2944.787651,1424.727566,3068.329948,208.917322,4.328414321,4.87302609,326.4080191,0,57.54178655,3046.402613,120.7492095,195.2207615,40.98848179,0,1396.593812,11.41032797,332.1630323,0,177839.0152,2.636555279,2829.63318,0,99.65361366,0,93.7975989,340.2386224,1226.252431,1954.129847,106.279374,2.813859037,129.1648907,1.731729053,1470.856399,292.7466915,117.3796585,177.1370345,76.0485923,105.3951352,2514.37487,74.82973352,1.872424778,87.34848637,53.47306802,51.12749426,405.4380785,153.7966636,316.0061955,230.1629009,1400.250078,375.9403356,140.5827823,172.7198862,279.94252,180.5562012,131.6243532,201.1224575
306,indolizidine,"5,8-I",Both,235B,Y,Gephyrotoxin 235b',0,12.45,7591243.139,168.5507386,51311.20505,9286797.162,427.4424848,50944.95354,63525.0673,107359.9346,3126573.186,1114.324882,1213.220813,22.13727792,43.37843861,4522155.255,2061.012331,64410.80703,337994.0721,275.2043349,48328.76001,2901720.591,1244.715437,45193.03318,16608.42161,388948.7614,52165.41382,248044.9747,12062.95331,365858.7439,15.6318323,18796.48806,645006.9255,1107.605403,18.99141653,22.90812997,591.0885095,3.83429872,106785.1354,11.99853963,18.1379638,19.67237354,301.7022994,9.322177325,37270.76884,4112.904132,372.5317169,10324.78763,225323.7885,4279.010434,903.236196,12019.11988,6873299.234,114881.1634,1550.583008,5758.503706,22415.353,446.0066887,2733.884016,527.5849668,1193.331488,133499.2011,241.5192775,40.78139283,10106.82679,2.472211696,0,35941.41888,18776.07558,2170.541018,738.486656,123493.076,379865.0063,4406.409266,264155.2991,3357322.932,1362.756322,11.47259496,359.6306053,1564009.25,9.817115847,803.140623,1564.883208,24.09843418,642.8289558,69205.22339,355160.2816,5.030503625,28020.82581,192.9189153,2567.071813,39.63590022,317.7574797,133369.4328,2166.723868,2421.929399,216.6221008,909.2459014,2019.661456,4307850.642,93999.261,1393.776464,14497.45697,11.60243251,347.6163929,611212.0932,57.00835726,1138.204401,16.94181586,1848752.563,1564.869028,14.69886105,1.590592291,0,147129.7661,1807.904055,22.72292069,3850435.885,8.332459749,1338.841195,365071.5281,3.537112718,5957730.853,1598.750161,32.39914265,4193286.664,1749.864573,27.64972726,34373.79929,10469.11051,1938530.829,2102.848998,1340.55275,2992.144951,1103120.453,7095.910312,1706402.963,62.19380036,1243.899096,556.0823106,4075.987642,8960.69996,3151527.156,899.3592681,5309948.923,5.749168777,2224.247949,2350.625341,41.14217781,48.79656331,4841.862012,900276.3007,316.1110678,1730.61708,6.529598999,2678640.261,11569.48688,815.7606887,0,13.14728087,17814126.91,44.60111721,25909.51413,680649.9507,164861.6815,484361.0346,2013.582654,384572.6781,1915.634472,5627361.276,48167.11181,7113.518246,120858.5382,9.604438718,11.56299714,4615592.967,8.133828958,393199.1748,91663.38211,13775.76216,607.1639313,1900.216062,1002.313274,1833963.156,11028.55082,18.30923855,156373.9109,878857.6937,214907.3592,19.95265098,29832.28298,4444.027164,10141.09102,2165949.137,931.5755571,907.6946744,25671.60098,58021.83415,659.8287177,2128025.028,6276.328596,9.026816015,21725.06724,7.941190947,598.5134578,518968.7045,21247.20376,0,28809.66747,200113.6738,375.4554857,1782.480205,1689.532448,21095.30085,90781.30872,18.99489479,276494.0366,33.01885716,993.589518,108816.013,6.214198629,862.5864813,2492.802715,21.95124203,30.00526679,15.51758059
307,decahydroquinoline,DHQ,Ants,233C,Y,"(2R,4aS,5R,8aS)-2,5-Diallyl-1-methyldecahydroquinoline",0,12.45,12912.02671,73.60058589,1921.297716,72243.76333,210.7987387,2183262.255,0,7105.80323,21301.04878,806.8339997,1031.363852,7.449308373,26.99660317,1922.694933,199.6449973,10280.92291,0,146.6697387,4763908.016,150.1112652,823.0060117,509.9966732,676.3333941,2176.694529,348855.8445,3916.021734,57.27045765,4222.01935,6.960523207,179.3788596,4260.049722,689.8677125,22.11129959,9.352203879,432.9765012,1.62415438,918.222766,17.42896294,12.35497705,11.45355727,321.3920157,4.164613932,1460.380548,6501.026799,2129.901987,925.0823625,50113.33148,2728.946872,595.0242666,1108304.571,6539.36024,12075.59525,1353.128228,2571.634263,46573.02447,172.3193012,1912.242687,298.1179663,3476.259094,729499.665,47.92330249,40.04689499,2014.579852,0,0,1337.263257,723.9566933,27432.31878,516.867351,0,10778.4078,21251.5743,1589.390795,14349.08626,1616.112789,2.885390987,213.1699196,13070.82834,6.641569278,308.6085315,785.0486385,23.28326349,248.0997021,299769.1721,162499.0941,2.782710192,0,169.8261703,31734.87294,23.24270415,204.0175131,202599.5956,1458.227742,1646.987248,3322.808707,709.249414,1524.153902,46323.98265,199650.1918,136.7183532,738.9231843,5.702202508,29949.88462,262128.4817,53.17055529,953.2179539,17.18507514,11740.50339,1393.705417,6.981726991,3.39417932,222622.7453,2196.128693,1437.499022,36.8411659,3026.09153,4.236157516,846.9067268,2221.002374,1.943312736,0,1260.483227,79.50995067,4437.899517,952.4873265,38.99487067,6204.799496,800.5348883,13252.76474,1443.785956,810.513321,280525.6595,6012.422787,4428.87891,8988.286883,34.21274514,432.1799445,314.4400663,2620.374301,13713.34387,1967.08254,613.5736239,53516.03913,3.16723011,1628.656061,1444.053892,30.7846938,28.76750392,157.260905,1919.726077,159.7914595,319.5731526,3.577168561,595.2851051,944.971719,501.69915,0,10.47645967,0,49.7737798,860.1283749,3257.41814,6767421.583,0,605.5811951,370772.9769,1310.797432,3747.982518,7455436.824,1756.048089,0,4.701064607,5.1661741,28338.36004,10.75877576,1330.014083,884.2509617,434789.6624,415.738876,1287.73346,603.7653817,22074.25892,149574.5565,50.10591647,23471.95617,5187.115602,345.0627223,7.081627363,0,8495.613163,833.7508318,1969.087133,739.9550638,47393.92972,433.1015846,1264.207738,311.4695527,46797.38424,3404.931691,4.484782358,681.3072299,3.666758068,322.3779953,4085.050296,692.4655798,5311080.364,1373.447657,538.8180591,183.3293094,1355.03936,1300.668431,857.158039,605782.5377,13.16728247,53821.4871,38.24403794,333.1697897,49190.61593,7.178511379,829.9750294,1451.871417,9.769186684,21.19233797,13.50692586
308,decahydroquinoline,DHQ,Ants,237U,Y,"1-Methyl-2,5-dipropyldecahydroquinoline",0,12.51,177.2982009,773.3745574,902.4521467,229.0829172,89.95507089,290.1760021,374.0561636,2155.025887,3.3266193,480.5797406,470.4878568,27.37855263,14.18695481,161.3386168,737.1753111,3772.787296,357.5035395,114.4167948,74.71006368,233.177117,224.0324378,683.4759854,415.1228916,395.7161773,31497.0775,330.6938312,24.65666303,1488.708511,27.62300573,1248.84795,18.3984487,474.9460236,12.46305465,1.224358742,414.2597176,5.93476175,614.521903,51.11724133,12.51719625,17.25814494,368.3086609,3.837568319,1416.828252,760.3341616,0.704895301,436.1397869,25.26124307,1352.900433,462.1227294,25.39483313,603.4417082,8588.438773,886.1098364,5.23674339,1153.532671,876.9755795,1205.596476,807.4153172,45.18881132,415647.3757,0.791075704,11.28689001,219.2809164,14.47893667,2.201975908,568.0910392,529.3574491,758.1009461,1399.810957,741.6613709,224.8999922,12.29742534,532.5097401,183.8718631,1816.571578,10.51978287,65.88366088,338.3325749,13.55700031,947.371348,8.323025452,30.21920968,882.451051,41644.26258,30.64142374,14.56529477,537.6961449,104.1416236,6.653043597,581.4491511,79.52232407,86.67589733,428.7097938,190.8846337,97.74282955,438.2264882,719.787632,186.593298,143564.4644,1761.226971,496.6059182,40.42379248,719.7199632,49.54999808,79.85392619,435.3603633,8.915981614,1.542226236,508.9668085,21.04111279,8.351524355,17.05517243,125.1260898,528.554077,13.14194242,196.8303831,22.1797469,247.9686699,542.3519414,23.94378668,449.4769034,537.8754441,25.65565305,168.796291,1075.487056,17.80133498,76128.07109,889.8394184,568.1562211,832.2202533,457.5697179,32.57121851,255.9304577,2684.569322,2875.511469,280.9626606,690.379663,408.8290021,523.6105936,27199.2142,201.2876532,393.8868123,185.4141651,10.13462511,544.600806,3.421395428,14.80712454,7.655525257,561.1632823,79.02556489,184.7170764,300.3773729,8.436140866,229.8865186,278.2819739,402.1136906,4.945291509,18.08728322,1129.878451,10.77638705,399.692161,71.66288452,432.2713987,2283.697995,429.307876,74364.10536,520.4061098,185.0461243,100.0167688,788.0707606,368.5996479,232.2980607,5.436872123,227.0742384,427.2418801,583.3121419,175.510707,1218.616732,127.1113954,975.4708778,340.9009043,544.6102429,461.0309039,15.86287828,478970.2815,273.1002317,239.6594826,32.3505363,732.7710898,4.607238059,339.7689034,251.7541411,747.0586996,15993.76617,412.0097695,399.6369311,1139.751939,1558.01299,1388.059076,9.920660056,189.9863058,491.7960151,141.3204664,1908.18615,842.2755739,1002.701277,444.9682863,155.5280324,69.40019892,445.3774367,508.1340146,372.5871337,34764.63112,11.14585118,8655.032661,12.2946429,1127.00204,3209.179471,12.27488793,557.4747725,926.4594452,7.858151992,25.24908695,161.1486434
309,pumiliotoxin,PTX,Both,251D,Y,Pumilitoxin 251d,0,12.56,3644541.849,8282.278487,254588.8047,207383.8146,122.4530083,56480.27125,37955.02239,9191.545718,2951901.989,1970.261364,1490.184838,165.9551521,106.6450198,48630.62416,1340.007908,549777.7895,0,147.5469,155246.6596,7793.816343,160.6467272,0,41939.87545,744.7233327,215.333524,0,237.7284842,0,46.25391536,1098.841591,5260125.787,1398.916341,63.19361402,623.6798898,1926.971927,26.22643564,79919.42672,73.17090166,90.72767001,7877.77759,1186.5911,42.9432842,0,231.4955528,276471.7736,73762.62356,1036044.366,3246.752338,1891.443058,2411.026435,2108080.053,2031.46109,1986.421831,4666938.514,2983.20961,1527.027211,1387.359504,1031.358744,509081.7792,14056.25403,413698.6345,126.3917339,20240.59318,76.14314064,10.40910046,144786.2465,21358.42779,1599.596923,1949.523653,0,1222249.809,2573556.026,0,221292.77,2589.016693,73.92632849,116.4741967,769064.4309,220.9237002,1493.813637,2316280.947,9195.244788,2142.284427,852.3496157,13136.78835,0,1504.673755,21.75053147,3911745.305,859.371842,39.68364314,985.0534933,1460.229651,736017.0907,203.8764074,1946.907258,2014.377325,329673.5539,4865.104762,363.5039594,30973.93676,34.86982547,4589.714869,2944018.267,822.5498244,1534.841462,91.91483955,2185325.79,1816.018526,668.5450916,82.02153024,4493.722983,227824.1918,1614.730587,57.02392926,50796.90203,169.4111678,224.6083649,0,2203.646184,68988.08476,1422.696758,26.54616605,50706.36543,1074.993018,3103.837385,484.7064493,16967.4854,3714.191547,1983.062753,1991.01306,4020.926406,923368.1925,2033.884925,258296.9877,13.64671036,1496.239351,2081.901425,366.9731575,197.6396722,17148.48873,1452.766584,404854.072,71.48589306,1306.05688,2420255.771,1102.012966,1960.971809,3112.257768,972449.6763,848.0698479,132220.9374,7101.818177,25973.7506,262983.8289,1135.782867,0.861362752,0,4539054.316,185.5349582,134168.5399,768463.6084,36591.59671,0,68134.05489,1032.210378,1329.847994,64357.11258,133138.4873,242349.3447,0,4182.379187,7153.663462,110721.6919,662.4756238,2644.19442,334486.6849,8413.183067,86.1251722,1931.65452,1461.354094,121135.2717,3898.556796,58.42713841,3685.326504,931.6722118,59970.72501,141.8401253,1128.270496,1204990.628,63201.28471,43762.20339,1425.355008,215.8332893,20237.08768,60980.36653,1361.78895,53991.22737,71575.4456,169.960684,480957.6224,32.83238732,76.82549531,294846.9759,118625.4068,3421.765522,23394.14734,205978.6855,260.0181316,1772.148353,1848.585397,20122.47598,2553.482981,0,4686.428154,81.37689458,1996.14059,4854.678019,5065.404745,16320.90711,2176.717581,49.50219585,45.34906525,12.53705606
310,indolizidine,"5,6,8-I",Mites,233G,Y,"(5R,8aS)-5-(Hex-5-yn-1-yl)-6,8-dimethyloctahydroindolizine",0,12.56,12621.70918,372.3406122,855.425426,7044.968338,11.07137067,311.6092962,2972.824751,216010.8357,11784.70452,114.1863352,151.1175964,348.5698509,3.750714148,4672.92946,83.81820498,859.8595576,668590.0658,9.57163089,1356.650802,939.3095017,26.81722943,209507.0801,582.9324077,35.34724659,10.05036674,876183.1011,2001.769286,1752754.321,0.810118299,55.44859569,17837.07439,139.2027282,4.325783284,9.35207287,83.04330921,1.850145109,700.1384158,1.007725858,3.5317104,0,71.25054715,2.669869176,185095.6207,4.397497587,1795.078965,128.5520768,8579.725378,657.6669641,37.72266689,275.2265554,10630.43728,9.23013227,84.50864346,34016.85967,121.8546224,126.9776498,103.894546,474.7003041,4016.161658,287.109816,2984.339371,5.550597486,54.63358369,3.303324391,0.769698839,678.0810181,508.704715,86.78490871,138.9008919,549670.3357,4828.945496,1601.411963,933342.2382,3406.831094,173.2963517,8.701005077,10.6382631,6603.571428,8.47797066,80.33142884,3541.046084,0,134.7066213,242.6422196,620.8716549,0,49.90712982,0,29288.44276,0,7.025987004,14.67045359,44.97001781,1165.429208,8.56608921,138.781587,111.4585881,6094.568703,26.9713491,154.4805813,131.3278726,4.527220938,403.6513538,17278.03097,1.411581008,80.25682392,4.788054229,9593.979485,83.38784793,0.32638494,5.330797841,20.81942978,1819.17765,76.81461792,4.077293872,1779.720688,8.059322581,33.69863713,331780.4686,0.448287342,2115.77718,96.46174327,3.813029245,1969.478544,0,0,14.21414737,557.6452691,130.470386,161.6269225,366.7535689,20.57574411,9563.99687,198.3394192,6179694.911,0.192765967,128.9566612,443.131778,5.469808201,4.491353003,2731.360393,173.3553084,3058.232779,1.559941583,140.7992842,4298.427199,0.925495781,13.49315208,32.67893615,4052.967335,17.9403966,1296.800185,33.92044358,568.4561365,579.1860706,102.8828785,0.000195755,0,20706.01238,0,1631.330824,6513.938962,51991.24196,1663427.504,283.0543841,140.5239013,105.8532122,6677.669894,351.5205165,1173.548921,216516.2112,7.615432467,0.468717047,2445.059973,11.19423962,989.1277821,2976.988375,132.0684197,14.70399963,188.5534858,88.50859605,0,155.4452911,4.502547605,89.27912918,87.70752133,721450.9326,3.521638492,67.47796824,1807.827301,834.6599332,792.1218191,144.3451259,1.921744441,443.7106173,809.052104,79.99339562,76.48212002,969.6946515,10.84330246,4529.718477,283.2839183,12.76989048,2828.070299,1171.127539,64.29527942,811.6544636,1929.002494,8.041035201,470.8886035,121.942028,11.28490091,115.4506358,0,168.586543,2.597863001,1528.488818,57.21923134,0,107.2067157,138.1780043,2.291035762,3.894401185,4.866185818
314,indolizidine,"5,8-I",Both,233D,Y,"(5R,8R,8aS)-5-((Z)-Hepta-4,6-dien-1-yl)-8-methyloctahydroindolizine",0,12.75,2953.569628,4005.542077,4364.626987,377539.1105,82.65743433,923.8573052,6008.250379,13001.00638,13831.70637,779.478215,276.7832248,35.89435783,15.06651103,627382.1743,500.8881768,521234.9838,40084.05912,100.6430118,756.7589387,9550.367824,239.8320183,7356.321818,2006.490663,19898.69005,378.4864134,29874.9808,98.5067772,22815.63678,76.9061058,8393.13384,19659.05778,414.9131732,11.4684267,67.91506909,761.1986097,2.700267414,6069.626205,44.70001211,5.743367144,38.04235596,567.8530705,7.872062852,1346.411986,108.4143715,35.79680181,37796.01811,4537.448667,1486.944546,740.9837669,111.9782687,22448.34603,90.81168984,942.0795999,5295.082372,561.2222594,473.9064788,1212.609622,519.8355462,440.5235559,4935.928969,285.8603075,12.05954822,122085.51,36.01652615,5.049632584,1572.369367,56424.99452,806.0380816,496.3909941,23584.23265,11189.97793,1646.99273,19796.57703,200666.4674,1713.866568,48.47319859,69.35529433,2090.922057,17.26708347,642.6733067,229.6523609,12.7671399,772.7724349,1078.634346,93.1570063,75.712095,2852.120477,31.99533362,293.1079585,121.06266,80.33930765,13.8460745,1396.634318,348.0739255,110.862187,961.6355405,1394.5453,1484194.942,385.2588289,4348.560583,6029.764222,16.45578275,821.1553566,3272.193752,74.67709594,688.2568671,15.10986653,1803.093258,1178.802667,15.77694763,23.17558667,51.70987787,611.0253123,1279.069082,11.06643213,1029304.555,4.589681241,246.4228574,29275.58393,26.00090274,4588.004849,399.6227197,80.36609882,286064.4832,1273.34532,0,829.9318577,12431.13504,61665.9266,754.5840752,663.3277485,166.0206958,12123.64152,1854.83466,80874.72309,587.4606417,909.2790063,938.3426026,120.4293036,249.1069905,499982.0344,793.3950924,274972.0952,8.441435285,1352.260035,551.9100661,20.50622313,21.51021396,925.2588926,2355.351589,308.9161827,547.4454347,4.013795117,176487.4744,2301.194014,711.115556,6.648041889,36.01008062,22166.1117,8.618696968,3509.543976,5203.83334,21831.50073,55133.02388,2350.300468,86.36159036,1059.856228,10065.68163,12818.02107,1964.960244,8231.170465,7.84965201,28.16452654,190520.5582,54.13247225,54889.22028,3542.122027,2915.066486,129.8041981,1934.627526,689.7013177,75052.95815,621.1207265,8.690690402,5737.070861,20677.80434,15608.22164,8.797787236,7882.358232,1203.913785,1654.865263,9578.160708,461.5452075,111.7473259,64632.92527,13698.80276,1586.760054,129381.444,1643.395112,5.391472938,1963.543563,68.98163572,183.3144571,2967.848405,4764.294933,832.5520192,47309.07985,2394.860814,110.6896978,1002.326355,1018.999184,74340.78998,185.7249502,44.19567675,456.946206,25.24553276,3709.904348,141.263753,2.487105406,802.2049421,579.4950139,24.80498382,16.8788605,5.053294764
315,pyrrolizidine,"3,5-P",Ants,NA,Y,3-Butyl-5-hexylpyrrolizidine,0,12.81,184365.0082,3522.889753,4043.399676,21804.59718,219.3929056,15543.18589,1931.823909,3380.667853,2131.561424,2966.072135,4586.42534,161.4685466,162.0944909,1466820.814,3487.860805,2317.957107,3678.356916,130.1019728,4222.252523,34552.74967,169.8897674,3054.875022,3863.689652,6199.546813,10740.68514,2731.626836,59.88936673,2584.204531,146.9388184,3914.041345,7879.432962,3883.140721,157.5996082,211.1425574,3385.186273,79.42947368,3238.803297,981.9469262,61.46881301,236.7737042,2256.586007,158.6508998,3374.767591,276.6553823,137.4114512,2422.330012,1076.167971,3082.391485,2359.203905,904.6259816,86229.89583,784.2000356,3666.650127,3358.502052,2055.950224,2790.954018,3211.538219,2828.427253,2789.28726,39223.29194,216.8709207,82.70591908,1556.714242,462.4868995,76.80333448,4188.92097,3340.574175,3094.690639,3802.655106,2550.115447,40633.43914,124936.0813,1705.62736,19982.86613,3606.19344,167.2508599,167.4948371,29703.13263,149.4117114,3567.931804,109875.5782,126.3774355,3987.266109,105375.4778,12517.66405,74.37899673,3318.301849,121252.825,191186.8177,13850.15006,244.763677,45347.18834,2826.917343,203.1471792,347.8094029,3526.359139,4617.337236,31826.36535,390.9812369,6151.167166,3378.588431,300.4090542,2587.938376,558.6702245,9448.001249,3066.538848,249.7573301,14185.74062,3830.934825,274.8729707,235.8135184,597.6770444,2461.026647,2734.785123,279.4786561,1015885.843,165.2685789,216.3907488,8555.767894,164.3983897,17548.28412,4232.610801,4791.017199,351807.3324,3060.448639,163.1158567,1284.152758,3019.847866,4416.064578,3810.84306,3139.112495,6802.952372,1616.853612,4555.693635,2251.097858,5725.946077,3140.113153,2651.289728,295.1573459,1383.291541,2561367.702,2449.428277,9232.317809,154.9122009,2508.004861,70.74085563,214.3714828,146.4396236,4197.689084,29803.39542,2105.463741,1592.847462,102.8914828,215568.4869,1907.538725,2683.194281,138.3173154,150.636434,71444.85239,204.0107346,3755.810521,2308.842493,2811.215819,3819.284728,2927.562658,9637.090114,3704.058996,2104450.768,2408.11804,3738.084315,4504.617978,118.3250417,166.6417645,7938.432408,563.6014714,0,1474.309636,2599.530007,151.2106562,2803.540556,3223.307249,4803.573443,1654.988851,289.1703959,6267.075926,8441.939976,2066.094916,156.7533288,2989.450209,110.5319416,3378.786737,8863.580704,4054.418428,780.0521155,3166.420603,2722.751471,3688.063557,4988.487457,2524.772933,197.1070215,2144.62292,163.2816619,86.70740286,3162.200525,4707.344627,12175.41621,3477.700396,2525.661026,210.1281881,2715.791734,2768.736729,2691.399439,33994.04555,117.385539,720.0096394,150.5509974,2093.180458,172.9019509,330.0906604,2977.43866,4744.077647,171.452777,199.4806229,15817.56276
321,decahydroquinoline,DHQ,Ants,NA,Y,"(2R,4aS,5R,8aS)-2,5-Diallyldecahydroquinoline",0,12.99,9246.566859,1051.148142,784158.7934,21502072.89,88.92891372,1898.775008,44730.83841,56884.06351,2177.797289,3359.483106,1386.513961,115.1722504,135.1748295,15562.81475,501.9820835,29038.31665,30311.01312,50.51578095,1439.204054,13147.73329,1110.468393,2938.950197,182587.6486,2196010.959,263.8886215,262595.672,11371.41009,1495.841341,56.55316782,4446.51886,25623.48008,782.0405928,328.5039955,404.8485734,2788.383272,18.45068275,86128.0895,210.9020208,61.01712829,116.4146839,1244.334601,496.3938353,930.1700766,438.5150154,138.8919149,51319.99729,2026.872509,1708.67073,1754.552633,315.3545555,33698.55235,285.7153371,8090.272805,26913.7783,1252.240526,808.493903,2007.619053,584.303071,1410.651758,761.7477713,523.3537775,119.2419799,1342.380503,191.2002561,76.23032866,689470.3913,15091.64003,1648.311131,1505.00209,177090.9421,13598.10697,86.07951518,11182.33789,4405764.65,546.614324,99.83481671,90.65809186,11682.36254,69.92762836,1069.685889,423.0454624,75.78681247,1878.347315,415.5356853,810.3309434,52.67079679,2910.324604,378.2009997,98.16803718,929.5007337,149.4506633,158.1470815,3081.706009,131.6849626,299.5559551,2025.447943,7074.976533,16305955.7,416.2090452,724.8999779,78940.3135,1300.132972,1673.042547,3259.761145,121.4379045,1441.205789,378.4040057,1672.073548,4480.022296,116.4387702,720.1170565,264.9731811,1571.004539,8495.034074,826.6381376,18770.38566,52.65835695,516.6858104,2070447.389,59.60392376,13178.14966,3037.367052,208.4886564,11844.59312,616.755494,432.3673303,166.1735203,8108.654094,5302049.062,3280.662634,5756.972341,246.2278218,3504.532737,2403.844385,737245.6054,563.1847885,2625.961372,2999.147934,417.9826553,1878.477674,12949.24162,2369.785083,16218986.56,101.9694513,3905.159432,122.9602241,255.6211764,95.97566345,3557.770887,814247.5399,2895.168861,3070.765139,50.75593946,8163.961269,1261.117482,1664.008828,540.5245051,40.85567303,2950.390693,148.787146,639485.577,4547.416785,2063.250545,1551051.815,212172.0701,234.6786568,5856.890955,19600.29696,3577.488274,25812.74728,1341985.963,55.13865726,96.75640246,10427808.4,674.9298155,5051.734321,3739.452273,1724.322553,45.65003625,7030.311434,2332.523655,6598621.814,1034.699412,118.7977694,825.0198814,2028283.075,518800.1137,85.23544973,24624.28881,77.11459539,36372.74713,16024.45663,1152.695719,401.433856,17948.68378,36760.93134,846.5887917,12076735.89,27720.47297,404.5321216,2752.29228,190.0408303,89.66052944,2846.866884,14263.25146,3718.945027,24848.34204,4549.064301,301.4417673,6443.073164,3014.420829,20617.43065,939.7470975,78.10850968,965.5266629,96.04578795,1958.08922,354.9589229,67.98106907,1558.140577,1155.21148,65.03991514,68.67976714,231.4642714
322,indolizidine,"5,8-I",Both,251N,Y,"(5R,8R,8aS)-8-Butyl-5-pentyloctahydroindolizine",0,13.07,9602.058639,3975.117421,73172.73055,3356570.45,271.6833023,6824.60684,5155.897636,3761.124279,5518.321723,3929.661875,4361.431742,244.626545,239.0766608,6658.419331,4545.606842,6691.703748,2808.069571,143.5251101,5382.452871,6198.477112,218.9488908,4255.651276,21915.99375,339942.9177,2500.693464,25099.47299,2166.077938,4780.343244,200.5884993,4398.389376,6477.172774,4430.218287,246.5653846,205.9647719,3978.677087,152.7218552,11411.31931,354.9394309,161.2092239,284.3165187,4094.790672,188.9987795,3910.370691,1085.326254,188.6601591,9505.846108,11226.13078,5397.97089,5341.472046,18341.06491,11670.25084,2131.713574,5592.786989,8071.096276,4355.472356,3571.262881,5243.164549,4314.266287,140.2802688,13837.60134,759.3119267,294.2054707,3051.897275,206.8288798,91.30522402,75234.87678,6065.225555,3969.13983,4186.434559,21847.16934,5934.165419,199.3939746,3281.017864,560533.7486,3392.526292,222.3907143,199.6316256,5713.081679,239.1018534,5185.178888,282.1632856,258.2812469,4074.990381,4874.087364,4321.722596,181.5620171,3656.879573,435.5035648,376.0782262,433.6917466,195.2850048,4391.547945,6648.139147,275.9828671,672.5221474,6140.981373,8968.087932,2499479.219,12012.66202,8280.528692,7658.656465,292.4926331,5095.014167,6746.252677,384.5649639,5379.846762,204.2196751,7994.673689,6876.044033,325.6583297,250.7896098,226.8171606,3834.058375,5889.198221,265.3870015,6380.26659,163.107543,209.0453596,2703.352775,208.6156406,7413.944551,6701.39883,370.7970066,6557.635033,386.2340933,225.3305052,719.8983632,4232.161265,770199.9282,5917.088102,6964.636,1549.234149,6845.508019,2948.846202,2473.783734,389.414383,4004.522575,5175.078341,1847.830152,197.2498567,5573.187207,5837.946501,2347475.28,242.2754911,4246.45709,279.8742529,251.4497472,252.6456776,3734.415913,13070.44955,3423.935006,3115.05315,208.1622798,5349.128233,4265.020986,5485.446625,208.9736385,183.782642,5375.352283,279.8727404,75743.45283,6400.788804,6033.339115,1285.291571,26996.30155,7055.605255,6844.430951,7216.521671,4561.022167,7652.163481,2735.124759,188.4967093,235.5895773,1633361.165,398.6056576,5688.866287,4088.86575,5171.969458,185.9964955,4863.295633,5664.982539,891309.8801,2958.406638,260.3844163,2763.893198,276118.7426,3642.858813,228.3878375,4315.406336,687.8641764,6757.72077,5776.525948,3906.079524,6732.46116,6066.914336,7851.106843,4607.331181,1947003.085,4649.13726,226.8088021,4905.951838,361.9643208,181.5458729,4686.341044,1935.552101,4006.412236,6953.760239,5090.189169,231.1547234,6062.139871,5501.645095,6611.647426,16846.30136,176.1951018,2298.197078,256.334114,3678.790412,12782.08783,203.4424106,3884.665602,4216.057141,213.1073926,259.9788799,239.9384002
326,histrionicotoxin,HTX,Ants,235A,Y,"(2S,6R,7S,8S)-2-Allyl-7-vinyl-1-azaspiro[5.5]undecan-8-ol",0,13.2,241.2666393,0,0,0,0,254037.2161,0,4198.696994,0,4844.438485,0,0,0,0,0,0,1850.872923,0,327538.6314,0,0,0,0,0,124081.0778,0,361.3027898,0,0,0,0,0,0,0,1251.083382,0,0,0,0,0,0,0,0,5162.14215,0,4477.23347,0,0,0,600244.8634,0,30077.04278,0,0,1909.451716,0,0,0,711.1608607,1001663.739,0,0,0,0,0,0,0,0,0,16853.07171,11667.1743,137.2448296,3263.300206,0,0,0,0,18553.12292,364.3854851,49467.0134,973.6796648,0,0,1871185.957,281603.2404,0,0,3854.406219,0,0,0,759539.8941,0,2501.407969,9828.285139,0,0,374.0091372,168518.3433,7103.102273,0,413.9803631,0,0,0,0,0,0,0,3172.580985,0,79748.12382,0,0,0,0,0,0,0,0,0,3539.755113,0,0,3216.520452,0,29959.32315,7842.686773,0,0,24667.35487,220670.4756,0,0,0,0,0,0,2316.003412,15456.80313,0,0,0,0,0,3751.768904,0,0,0,1118.146928,0,0,0,0,0,0,0,0,22717.42691,0,0,0,213158.0669,0,1241.452636,166790.0093,0,0,131077.3936,3706.323042,0,0,0,0,3523.975461,0,0,45883.76337,0,55316.63994,0,0,29865.69326,0,45354.78361,0,0,0,0,42803.56342,0,0,0,53071.6388,8271.743533,511.1786138,0,0,0,0,0,412.8997402,0,0,0,571375.7061,12079.74536,0,0,12055.49414,0,76.07314511,830668.1914,0,95847.48005,0,1679.007333,114310.8356,0,0,0,0,0,1634.042133
331,indolizidine,"5,8-I",Both,245B,Y,"(5R,8R,8aS)-8-(But-3-en-1-yl)-5-(pent-4-yn-1-yl)octahydroindolizine",0,13.33,0,706.9097685,60663.96108,2108217.772,0,0,124.2199053,3161.842612,0,557.6400784,0,0,0,939.2528409,0,0,576.4905342,0,0,0,0,2292.227108,14054.26572,157435.9176,74.27182767,12707.4,684.1192913,974.2889817,0,94.97107681,253.3771214,0,0,0,1155.131529,0,6903.827196,410.5498257,0,0,0,0,0,0,0,12423.94705,0,0,0,2727.268008,0,0,1095.958933,0,0,0,0,0,197.0439034,5238.338718,0,0,0,0,0,58421.17567,1112.286511,0,0,6798.72305,0,0,1605.216947,7899.353271,0,0,0,518.253222,0,510.267516,31.67359031,0,845.4879886,1116.759773,199.6214943,0,807.4064935,0,0,33.19739556,3.281298603,1334.808114,0,0,0,0,0,1567810.748,28.08406634,2772.893131,9358.331526,133.0957267,0,0,142.3451582,0,0,0,0,250.1940424,0,798.2140735,0,400.3561945,163.1491418,0,203.6970748,0,73508.88972,0,2736.732097,0,30.00733994,2748.076056,240.8374911,0,101.163658,2334.736214,434872.3751,627.4449187,260.2029354,0,0,0,27205.33609,88.98855946,551.3466483,0,0,222.0803377,0,0,42522.67011,0,0,4.58669346,0,354.1331058,223.1011175,0,156.156653,0,0,0,0,0,106.6304081,0,0,75.18199368,48755.48307,0,0,454.0626206,15603.90244,67.62425088,1160.263827,2985.558005,0,0,52709.30958,0,0,886952.8545,535.2866267,0,0,0,0,424.4255835,0,576175.3322,0,0,0,162279.9082,14595.28943,0,3159.576839,19.83839376,4574.020195,0,0,23.45065732,6168.858994,3497.968358,0,1118007.657,3407.188068,0,0,95.43458188,267.0323941,0,2117.985433,574.8784174,449.2025268,213.6234143,0,1413.839578,0,7981.076424,1559.412461,0,0,0,0,242.0930789,0,610.2474622,0,134.4916478,0,0
333,indolizidine,"5,8-I",Both,221I,Y,"(5R,8R,8aS)-8-Ethyl-5-((Z)-pent-3-en-1-yl)octahydroindolizine",0,13.38,598.5200943,191.1377329,0,2239.39811,0,0,0,0,9069.504961,0,0,0,0,585.2536869,0,0,2889.642626,0,0,0,0,0,0,0,0,0,0,0,0,201.5951377,0,0,0,0,434.9831685,0,0,433.4429125,0,0,0,0,0,0,0,0,655533.3801,0,0,8637.857834,0,0,0,0,0,694.33413,0,0,185.910005,0,0,0,313386.118,0,0,0,0,0,0,0,12447.27643,0,3475.046621,509.8965958,0,0,0,2844.674581,0,0,0,0,0,0,18.34050241,0,267.0924592,1403.457949,0,68.32676605,0,27.92135974,0,0,0,0,364.9038148,0,0,2458.510321,0,24.99979827,0,10155.31069,241.9550717,0,0,2746.28758,219.8165433,0,0,0,219123.2392,824.1903366,0,0,0,0,923.023678,0,0,28.11720033,0,0,33.26565383,0,0,190.2601098,0,0,0,276.676483,1902562.436,0,3268.94282,0,0,0,0,304.0304777,0,0,1394.205026,0,0,12.17949017,0,0,206.0651715,216.4972515,0,13236.59352,0,2776.981292,7738.99906,0,38.75404814,0,2067.390594,0,0,81264.91654,287.4126257,6150.199769,0,15.53917753,0,2652.862351,0,0,1.39438076,0,0,452.3036039,0,0,31076.31766,0,0,30.96966395,0,0,0,0,0,0,715.5649519,0,0,0,0,0,124.5761598,0,0,0,0,433.2490162,0,0,169337.9003,3.252879341,0,38476.31384,0,0,201.509921,93455.94659,0,582.475304,0,0,300.9449792,0,236.3850952,0,0,42.73505385,0,32.40120187,0,0,0,5.735423605
344,pyrrolidine,Pyr,Both,NA,Y,"(2S,5S)-2-Heptyl-5-hexylpyrrolidine",0,13.7,279265.8325,109.6395223,93.46177184,392019.13,470.6544489,19.89785073,8.950661935,110.3081353,22251.0483,28.13905542,468.0495594,0,0,31345.61122,42.12095837,38.26415922,700.5920825,0.872780577,29.71917957,215512.7222,29.31719606,80.3441288,299.145665,145225.0522,877.9762575,852.8216941,3715.735408,44.55558843,0,98.4878501,3407625.383,106.2633178,0.003734352,0.000215574,57.01444831,22.77694626,10.9753207,324.3005248,6.47E-09,0.859742325,6.78269187,0.237324011,69.343731,0.000981206,716.097873,130.1605343,5460.909289,30.91387744,5379.227518,4097.331691,133073.3822,11.70029185,17.06695401,18.82810201,480.2291281,23.89455496,99.43631724,39.97633342,1078.915385,7061.610446,1.214203123,0.233669365,9.375733523,12.99278424,0.004644626,164.3417253,635.0073494,44.31323237,19.0977554,36.50318523,52132.16908,4177.231717,1005.822801,59370.72376,292.4499072,0.032008735,308.6226075,37987.08036,297.070013,49.99644157,3170.302714,7.989314113,23.75244845,3403.20728,16.06023684,0.006101007,118.148439,0.536603911,14464.17703,0.245619551,227.113861,1113.238631,28.52007818,0.859000242,9.617393211,61.88909656,25.86622305,3605331.896,692.7606991,11175.78333,170.2621734,0.707630784,11.39136318,8684.334268,568.8396167,16.21458681,0,111.255224,59.95948369,29.94530345,0,642.3411045,10.72208102,40.54278136,1.100124217,54584.43474,0,19.94822207,110290.7908,1.071741967,19306.94678,711.9483857,388.4696321,91577.23861,2.639830753,6.85447609,246.7818261,37.11983238,28820.98096,128.9341215,45.92338196,9.578977837,28802.3312,513.1230901,63.98737658,0.426761173,48.45654091,19.69317142,1.022378017,328.4325521,48552.25203,10.47565641,387983.0009,336.9848008,114.240963,10693.27961,5.133153633,0.085027587,165.247797,32890.57287,83.85862093,25.32382522,0.398332904,37590.69418,34.48697964,41.11095113,0,1.93E-05,47660.53622,365.4534601,26.20815783,16404.35969,40.13716428,181603.0338,484.5171224,14086.48691,50.06831086,54227.3524,144.8461212,18.74708716,348185.6393,0,0,1179162.568,1824.652235,36733.1672,16.62309105,16.47824171,0.957525027,30.58556275,74.16085179,384374.6334,33.2115558,1.516444888,0.087525507,532423.1133,147.1978982,0,45.57846411,2629.228127,60.91428683,47052.90467,58.02540951,352.0209219,131.6267203,10.94473656,81.7330727,607503.6835,17.7925733,0,96.2259066,252.3356182,14.22524156,536.344161,21403.58543,437.4274746,1187.81526,19.06293664,1.789598153,19.95393399,17.72264439,117.7581507,9599.321796,0,481.9952903,0,121.4445686,1056.770302,0.047814506,15.94299758,2103.136081,0,1.024778278,2751.476831
359,indolizidine,"3,5-I",Both,275C,Y,"(3S,5R,8aR)-3-(Hex-5-en-1-yl)-5-(pent-4-en-1-yl)octahydroindolizine",0,14.05,79023.1631,15021.71689,23126.4209,56637.17339,0.314033287,2983.649672,168.4846144,13731.99764,36320.23518,23278.47002,10151.29536,361.5093416,1152.727236,17781876.99,3042.749426,36031.84086,266.6786248,0.354077264,3474.036252,953944.5726,2206.316244,14656.46384,16438.78549,239191.1302,10209.70573,321.53314,20834.01883,1382.221477,250.2983083,47856.07313,6549.135512,7234.210211,1981.085282,2762.278366,34757.54373,0.768361524,10083.97748,103.336516,1.087988486,609.5655138,5966.502334,533.827553,3758.875728,8277.025607,11.15077645,42794.54881,5664.894437,3947.602034,4250.498394,151496.3931,2145.406788,1153.411459,35095.58628,282.8080037,23.11041832,5891.20713,2597.150596,4473.023359,37.25338031,401992.9137,112.0689006,1752.631315,6180.19595,438.2786001,906.1435571,7587.941591,32231.47958,38.02337392,25446.65169,39230.52971,963695.3346,72.86605613,1198.617815,66743.82679,31.83671496,2.263688441,610.1190624,179.5131427,2192.952566,59485.23205,28812.93032,19430.23686,20094.30249,2879.747932,21455.09121,305.3495209,31895.98695,240.6112746,118.8103426,1237.316127,951.7021339,22253.20208,15311.52033,91589.89747,27861.73478,2836.808898,25801.06939,46695.89359,28583.32876,1711025.156,18613.8841,4291.54087,45.2922352,1290.74183,9.021396169,3580.273525,1474.998878,35.50316025,37782.74902,4.567731054,1820.788183,15.71051648,230661.6406,44384.40297,1522.9093,37158454.45,570.5303781,1261.867195,3252413.47,0.402312529,17998146.39,26827.75952,109.0550172,606912.2849,912.6535051,1186.715681,2491.851438,54886.93601,15762.77896,26688.80472,58709.06671,25444.01996,74173.83132,15550.75785,1301.831871,2387.596969,37886.44004,4181.419142,232.1419409,15348.704,9020517.428,24590.12596,81516.81773,53.18904822,19436.03521,8451.936981,3037.152445,5242.224972,25681.86758,24298.58205,23340.55816,3456.483803,6003.788505,1058946.005,13.07572723,50.68724066,1440.161206,10.14600813,340426.5803,577.4077911,18327.68585,1019.105818,516259.299,17278.93382,16257.19879,378204.4136,32100.15265,9316659.49,49.57579286,35723.14447,19657.23876,0,436.5726766,39998.72962,55.54376267,5384.032911,2068.723091,66219.24466,715.1438553,80210.70828,4413.113069,2662436.01,377.8646531,1566.549421,8486.158378,1908.093547,2566.546105,389.5639761,264867.2569,60950.73537,11380.11871,6668953.615,8393.125894,1232.663132,39386.74979,44461.89978,7345.177746,35801.41739,240899.5956,2788.896195,2188.800036,28.02257157,1.507582046,2313.773486,19958.14928,404.1086342,65561.02681,13951.90308,5.707323964,72800.38128,18486.67625,28521.89813,167504.9133,0.592794468,57644.08644,505.5829571,19006.47879,3039.772278,22318.65499,10565.52338,5379.787735,52.62300317,388.9694347,10376.81681
361,decahydroquinoline,DHQ,Ants,257A,Y,"(2R,4aS,5S,8aR)-2-Allyl-1-methyl-5-((Z)-pent-2-en-4-yn-1-yl)decahydroquinoline",0,14.15,163.8104055,1.262272979,427.2474655,204.6131204,84.87651296,58747.74726,640.0978226,35.47197015,28.29961291,739.9343809,96.0617392,11.13464283,18.13549144,375.7580361,0.815952604,729.3815977,2287.637511,0.385866476,99290.6478,67.09782925,0,44.31686184,453.5633186,191.7629279,0,973.1263181,59.7750194,64.40475525,68.49905117,2114.451026,651.5965033,2.577206108,0,29.04616046,30.86789496,0,4.882155568,624.5014168,2.438072892,1.288277997,13.62552822,7.452121486,25.71186224,0.614528293,0.730378005,0,47.87845544,0.066184347,30.06774215,414.8349906,280.6795983,4150.699644,638.0399258,2610.368571,4346.097466,0,0,446.215922,108.3644606,11107.74909,1.420077023,26.87430531,1.687848577,1.669158867,10.16432218,99.42262088,1074.274116,888.9491519,1466.612541,30.08114561,1189.592891,0,1587.482588,173021.3193,2.443345533,17.82886064,0.332189216,286.2449955,104.9213606,1522.713499,7.059920131,4.741135986,629.6808748,10.50156192,1157.14135,0.000105466,592.3267351,123.6840735,0,8.778067021,1.164167968,92.65182063,0,1216.481179,711.2156413,0,65.06001449,502.1293446,279.7170934,249.8239399,502.7349731,0,432.5258317,25.57555459,84.17759576,0,11.872131,68.92026189,10.9576078,52.75006275,0,0,0,0,0,0,0.001455365,0,2964.095187,0.496579453,764.6957689,1104.530064,65.72777075,17.94977562,154.5358162,9.539918392,395.8531485,2245.00862,226.0262286,0,2117.077513,147.728155,0,0,1729.18554,0,1565.384126,0,0.753688861,185.3226591,385.2808024,610.092988,125.1445072,0,0,32.45012043,1.043719215,1.688746862,2.310488077,174.0889795,0,5.796529908,10.63432378,123.1565536,23.52572122,34.81230126,0,26.07630009,67.47979598,3.474280917,364.848526,0.560824618,117354.2238,27.92765858,518.0992325,0,0,314.0857135,87058.30004,530.7015731,2436.575394,1.799686665,0.602576419,367.9030532,314.1147156,0,0,20800.15673,0.373376205,3462.520228,0,155.7448092,2189.826474,0.286922229,4771.720227,144.3523158,134.0640159,0,592.7250688,7.755169348,2.571133654,0,9.714752179,148.495558,355.0670536,1996.999311,12.5281231,183.9843064,55.41778619,9.181638767,135.615458,554.9936475,0,0,68.75987628,274866.9802,2979.942213,480.5024917,23.59633575,46.61881471,0,119.2354468,6155.595523,0,19881.94431,42.9961705,501.4922829,635.0891566,0,1831.296921,0.282237023,1.748833664,0.493922779,5.367421006
364,decahydroquinoline,DHQ,Ants,243A,Y,"(2S,4aS,5R,8aS)-2-Allyl-5-((Z)-pent-2-en-4-yn-1-yl)decahydroquinoline",0,14.26,3985.778608,211.4120514,48965.37433,1069.710525,0,4445115.302,115.8635395,1494.094709,327.3799808,217.1442691,5.643741193,5.121107481,99.97117414,3082.25979,183.5213575,2309.341169,494.6072428,82.47088217,3104316.76,2817.342954,1.922012726,229.5654585,839.5329651,12.59020146,455.2390249,46.37418844,120.8619663,1866.171526,0.003753015,2.529668831,3433.029858,252.8661555,3.92E-06,0,0.055815167,5.528985802,11.52466907,973.2363583,18.85928279,10.53795518,122.8745962,0.840678913,407.2760127,13807.98638,3.403322038,773.0106116,231.8766071,612.4773801,201.9891253,7.76969608,7259.579311,319546.0253,341.7113552,307.0534719,14430.1929,40.09606855,82.35874079,57.90466999,9.632292384,253238.3935,0.823609321,1.3492064,258.7777475,4.728350893,1.084327901,22630.89394,319.0113493,270.3768194,760.551403,4.639381968,9383.125098,0.894753563,3121.211337,79.88157687,74.65042023,0,1.916617914,10426.52795,97.07777966,1016.759528,1.119809613,0,8.130859096,718.5346007,96955.94175,0.110807495,0.842100468,3900.463077,6.111728567,0.734883836,0,153.9317242,770.6166431,0.868345283,42581.60786,0.008768065,2095.207274,1735.742658,274847.5514,10043.97483,368.0379673,0,252.3030729,300.2057478,2498.601952,295.8583182,4.297603549,12.29217456,1488.445419,98.44166504,0,8.527021967,50.52450553,1.32820841,0,2308.021107,0,18.33672322,34180.50218,23.11013788,3356.480329,6.914517357,22.8789935,3339.972623,6340.373531,3.11E-09,112089.0814,268.7353451,62.72695236,1057.37763,524.4337493,992357.1579,768.2509075,127.1306905,19859.83864,27.25185802,0.989548601,359.3613375,23334.61187,7165.759314,1971.520059,17.11734486,413.4715719,2.117747125,2089.775377,0.219643951,2.539766463,16.02929715,6.398826113,3320.441649,1040.856222,5.271581945,64.53841757,2098.914211,551.5876928,242.0464443,2.123584656,11.68331781,4639.95772,4.718324619,18637.84397,80.49166465,5340387.337,232.526952,13.79341721,559.1066347,1.386992971,4542.090773,551371.8737,368.0148218,715.0026295,79.18489564,15.93942486,666.014416,10608.68368,132.1246359,165.4220577,697833.1411,3.99330547,132.6973539,2.613240161,51.51238842,189274.3718,0.001538501,37218.68668,88.71530198,334.7012417,0,0.723324971,201.7248061,2631.458849,1069.587234,163.0042782,74.7530208,320.525572,445.7262535,261.2756183,1074.4599,103.2874934,0,7697.52822,3071.887843,3.681675555,99.61525909,8.17281102,5778.322165,1.37984345,9.434552514,4.631315645,6.13316883,1312.963448,1032.556581,514125.8717,61.81862484,684423.2531,13.83528248,13.24265204,15283.54729,50.51268194,11.19986983,821.3094542,0.12885963,20.82875751,2414.995176
368,quinolizidine,"4,6-Q",Both,275I,Y,"(4R,6S,9aR)-4,6-Di(pent-4-en-1-yl)octahydro-1H-quinolizine",0,14.51,36.67770822,211.9816034,499.6759183,781.0309977,0,37372.15969,57.10397301,1122.98301,0,0,102.0954928,0,0,370.3185272,250.9910532,0,567.6914877,0,689.4193035,192.8397264,0,74.62202937,53.09076936,185.8136608,3465.519046,291.4217484,136.7969887,0,0,109.7491315,0,60.00406193,0.72783786,1.623051013,0,0,138.9673145,14.6522362,0,0,207.9189539,7.359573939,55.48133429,0,0,0,0,0,90.49414827,1346.76435,0,162.8958349,124.2742582,0,56250.69913,346.7830616,0,112.4480525,0,3827.055151,0,0,0,0,0,0,0,329.4545236,0,1030.487124,88.69525463,26.07296985,271.2295252,328.5479706,0,0,0,25.58983117,1.965065273,69.67753535,0.520161557,0,55.23859681,7.187871143,864.217193,3.877084195,189.0720946,21.94721573,0,0,0,5.735189845,0,0,33.13486171,0,287.1245177,0,672.8615979,51.72390992,0,5.699474926,0,0,12.30484206,0,0,226.0230023,9.722883802,9.747028524,4.225487554,95.57812383,0,0.885312891,0,1043.984465,0,0,510.7975351,0,769.6101997,0,16.14585921,251.0471985,30.74396967,0,0,53.8913165,274.1799486,39.31058466,0,22.52202233,0,0,0,3.161420559,0,44.07875152,0,395.9236582,1.052091471,77.35885611,862.0146983,0,63.62981935,8.230553567,0,0,90.14339968,0,75.09687809,109.4094061,6.874929345,45.92815745,191.7722546,75.08839997,48.1480754,41.77250059,87.18611266,0,93.48892472,8.641291789,1005121.175,0,577.0311971,0,76.84535789,2552.35769,132.2925732,0,390.85881,5.598561423,0,298.9864439,41.34787465,356.2946832,102.1719479,253.52241,0,0,0,191.2698861,52.54387374,0,0,2094.252075,493.0007857,0,311.6296135,0,100.5712721,61.39076734,70.02520089,3.951371767,72.79556186,0,0,0,0,0,238.4101173,7.26553096,0,0,1.212407761,720.4248773,107.9207797,0,0,0,0,19.58479561,210.3877304,0,131.9575833,0,2095.78891,36.64399646,1.965699319,170.6814966,0,0,3.25739642,25.28318695
379,pyrrolizidine,"3,5-P",Ants,267H,Y,"7-((3S,5R,7aS)-5-Propylhexahydro-1H-pyrrolizin-3-yl)heptan-2-ol",0,14.68,0,68.44254389,171.7687575,0,0,4300.979357,628.5125491,2202.273521,139673.5667,266.5449103,172.5290953,1.647127642,0,967.398505,4106.550135,4886.66138,13929.6802,298.4527668,417.6648098,732.2477358,30.95581017,3671.652098,132.7582993,317.2157997,103.8945201,106.4790144,0,172.3240187,0,32.69543577,0,319.616404,8.960460724,18.4858259,256.3727411,0,98.68946819,4.927042325,0.582312179,0,179.7046505,15.80967263,91.4488518,86.93324694,0,0,0,2286.647123,9.125867239,64.98225506,0,369.095789,81.74840836,62.69005559,19.85895216,224.0056105,50.24203535,187.6309477,0,1311.66983,0,4.528121917,51.62875473,0,0.016448287,146.2818571,0,37.62666772,75.37240719,17059.14217,0,0,14628.20253,0,125.9305475,0,6.598912435,76.21098559,0,46.6550471,0,0,283.7602546,55.26093648,207.2778774,1.367426398,34.52528783,0,0,205.9420057,0,200.2527106,1416.519198,0,2060.024005,162.9899786,1463.67783,0,7.199473519,24.09229934,103.7111706,71.64846627,15.43669767,0,0,7.851774027,0,0,3138.105625,0.939193814,7.211511204,126.1258988,44.45220842,788.4306145,0,476.6718838,0,0,447.0936009,0,1978.773209,215.3163316,4.159716948,390.8539383,2.684961538,8.869611894,224.1672361,0,2723.976348,841.7477642,116.2922807,2077.929159,0,994.8646314,420240.5469,0,40.79961446,69.8691395,316.2490699,650.883229,870.1658967,77.43934461,0,0,476.5210791,245.8546699,0,0,41.09513842,0,23.45725773,25.62656574,0,4234.236303,0,50.68018563,0.453233099,0,0,0,143.7676539,10.4184354,1823.885765,18836.45536,22.32137,29.35790152,50.60252386,1719.691089,320.347388,0,0,4.298989622,0,0,750.6365674,0,7.552288101,463.8384553,0,39.79068865,6.740944443,2330.146784,394.0114661,12.48935493,51.93011106,339.3654292,340981.4879,1.611804839,39.56949936,0,146.1005542,13216.03446,64.97293461,773.2847413,0,0,127.8879754,1449.461201,140.0559872,47.12186737,0,8.182327978,0,17.45640559,311.7101825,116.6979193,0,81.18386197,3.682475811,508.6997111,1885.596327,0,2133.736043,0,1289.821784,12.40027387,347.2430846,522.9883999,0,621.4298207,171.9825843,0.62814192,1.790207069,0
386,indolizidine,"5,8-I",Both,281I,Y,"9-((5R,8R,8aS)-8-Methyloctahydroindolizin-5-yl)nonan-2-ol",0,14.84,11380.93283,348.9219613,0,36.11138675,0,164.5063213,0,0,0,0,222.517297,0,0,203.051274,0,0,61.38508032,0,2.198833938,12643.59616,0,9.292414432,0,0,36.77814295,0,0,0,0,1020.721676,18803.55784,0,0,0,0,0,0,0,0.044379277,0,0,0,0,8.694995303,9357.00925,0,2440.717301,143.8608452,67.352029,2237.411001,48892.73005,111.1959687,1402.167064,48.68503257,0,383.7228227,0,30.93647245,20519.46813,10973.78703,20425.0575,0,59.89794049,0,0,365.0734855,600.8036401,96.79339661,0,23.7325125,0,31792.75598,209.969138,628.632177,0,12.03425974,3.186656002,3960.475966,0,59.64284527,39709.79312,0,0,556.0837716,24436.74418,0,38.1434796,0,182863.7657,13.62590201,0,562.1077936,156.8139462,26324.41922,71.80842742,0,621.3348189,1545.608778,4835.403388,1258.276094,270.9188946,0,32.12118891,2994.934482,0,0,0,1593.637847,820.0298438,9.157324686,0,0,77.71313376,0,0,86.45917608,0,0,0,3.691260286,10933.71928,104.8720527,11.59845226,1947.033364,0,0,3205.632413,340.6150428,1265.629811,131.7234932,295.163002,28.06971545,163.2169185,0,0,0,0,0,6.316956235,14.20819556,529.8038096,135.2782261,7937.524344,11.65204534,0,96866.5143,0,3.165168282,560.2638733,11638.25875,0,80.10615455,0,3913.556681,365.351359,234.1237423,0,0,0,0,14.38996608,19.08096919,66.88575753,750.5901894,768.8556466,2.141143891,588.7543796,0,1519.220793,1227.044745,288.5995413,0,10.88444865,742.0414093,0,83.87700763,86.75738675,29.21657837,0,356.5148547,0,0,0,0,6985.530733,570.1332094,0,3.510868848,0,101068.0876,0,433.263696,0,1433.964128,894.8435736,592.6952755,16.19888271,2910.536141,291.3616425,0,178.6126534,0,0.036989896,270.0261695,0,0,992.8378927,19.03238886,4.945173222,0,23.12680815,722.7614373,23222.35355,0,13878.67636,0,0,31.80759852,0,41.32243242,0,0,0,0
391,histrionicotoxin,HTX,Ants,259A,Y,Histrionicotoxin 259,0,14.99,102362.1004,4950.84903,4984.702776,15840.24337,220.3967075,1418753.219,4217.129649,24474.65137,18096.53644,33605.9365,7527.716366,168.5487082,13.16739107,44655.80228,2842.189781,26843.55583,5808.07364,0.051368159,2162053.487,6972.558159,651.9230074,5653.65776,28466.49909,5916.866176,15832.24976,32807.1428,1140.930778,19834.60545,66.21592978,29738.05684,220524.3396,17900.51965,208.612389,243.2735917,14586.36963,0.511605537,13905.55884,8705.098761,0.131960886,572.7606002,1998.5699,956.2195721,9480.077878,20544.23469,157.654906,23404.8266,4931.451289,7874.025112,2293.240295,197376.4871,65810.68784,202007.422,66932.48373,22359.01148,0,3576.743364,4925.862314,1282.47258,278.7733103,1123614.802,0,35.66439269,4036.45975,141.0456718,2.07E-05,13061.05431,17347.02024,7541.422248,31122.1091,8009.676069,182762.95,1374.312998,38874.71875,111793.6208,7092.191632,143.0073281,59.15957958,183277.844,66.60799308,4217.891147,1224.123284,16.46727758,9481.28562,0,1062068.947,0,19917.45107,36415.72178,1448.300997,6481.195636,178.1779308,69865.70371,5244.30202,7539.478101,293603.7926,2953.417219,21918.82324,20466.97005,364082.2501,2543.534326,4433.399183,2449.620121,6806.157536,11813.76743,2881.867374,2194.283015,13.50059972,9633.34194,30961.20582,2639.923711,269.7544922,0,9905.733811,50189.77865,867.3179918,140820.6956,0,2876.025699,36257.29019,0,21142.5315,14315.51149,2463.209758,53284.03577,28511.97323,109.9581515,130025.4919,43126.08879,8166.237543,3863.36938,2599.615016,274879.8214,3008.468569,23047.5639,45396.23486,3115.433404,21096.0736,1632.919489,7713.787741,54181.37497,14663.2434,1747.055304,264676.1756,72.63207544,12716.46299,2099.670174,162.2045658,93.65056707,16302.96647,44971.84781,27128.20602,1915.462123,24.67353393,10346.11378,1944.184615,2618.371063,1806.644824,62.2976041,122459.1477,133.4249937,7887.081752,859.7178494,830030.9333,18879.87536,8174.438904,6374.68324,7380.570617,57457.66311,454222.6865,31044.99193,30226.49445,0,116.1055949,17628.13689,35819.18915,9019.802494,2499.685099,308775.9631,177.8092243,22836.1395,2172.206323,15981.95735,56804.9223,207.0009057,400539.6785,5682.856039,8515.448148,0,22502.18826,838.9878028,7911.557799,27411.9624,5906.629209,26770.03862,29895.91812,29688.2392,3416.332208,12932.90615,11382.35749,88.17919241,6823.057989,7008.124648,0.444942224,17907.05972,5651.43158,1167654.117,46818.66656,9052.757029,1842.373993,40619.83765,6285.921915,26665.05529,315925.0174,850.1924925,420293.8025,117.8337464,8470.664755,103347.3339,39.91692333,9812.846537,7783.983023,4.216063455,68.2810519,5461.102646
392,histrionicotoxin,HTX,Ants,283A,Y,.delta.-17-trans-Histrionicotoxin 283a',0,14.99,30561.23614,67.56978589,0,22561.51506,0,368771.406,105.2197738,0,1800.457902,0,0,0,10.2057915,8820.421485,48.05385079,0,1258.822507,0,0,128.865381,0,1442.134217,0,0,6219.67357,700.8300249,266.518136,0,0,0,32313.88759,0,0,0,0,0,0,1399.836183,0,0,45.18861233,0,128.4205691,4651.790385,16.67503877,0,0,298.2534506,17.7972766,70071.98854,21797.53702,140872.47,0,7.081238698,3872.7569,0,94.60317452,25.99868344,9.852526837,147036.5867,0,0,0,0,0,17.1328133,0,2189.877996,0,919.0444223,44947.24175,717.5845279,0,10060.52592,1341.393104,0.862204091,4.314914824,63634.97631,0,0,768.3983585,0,0,0,402803.3634,2.088849187,0,12692.23717,0,3009.381575,13.29330382,25231.28364,0,2791.681814,493.4739554,0,0,3766.646808,376884.0592,0,0,0,0,277.5082048,1431.897635,85.79512565,0,0,0,0,0,0,0,0,0,39265.35768,0,9.876952408,78.64345253,0,8682.30886,0,631.1334824,5207.351693,9623.141128,7.436074278,114349.6328,0,3408.032351,0,18.50759526,261413.1337,88.46368507,193.9036424,0,0,0,0,441.9134313,180.6811342,5188.192324,5.986577996,24261.22139,0,0,1106.425241,0,0,0,9026.56352,0,55.90658779,0,400.8405696,61.78080035,0,0,0.321482839,40989.07477,4.64185321,930.7622697,27.50055186,506989.9406,0,0,2160.194935,0,6988.23147,43769.39391,0,0,0,0,7314.315588,10114.4844,6779.598885,221.5642992,0,13.89448708,0,0,445.6519255,318.2746223,5.971284744,1254.080013,0,0,0,407.2830399,783.6733821,49.75968685,0,0,8274.341675,0,0,0,3776.930198,287.2301374,18.95846851,0,2756.774729,1.884713758,70.00551401,6.373571711,453791.1805,0,0,0,0,79.14382433,0,311585.7434,0,312297.7602,10.0071507,0,36523.3583,15.80013791,0,0,0.606492941,0.484805962,2335.109857
398,piperidine,Pip,Ants,NA,Y,"2,6-Di(4-pentenyl)piperidine",0,15.11,3787585.169,160.3926318,1494.201528,22953.82888,525.6016029,3414.96843,879.5987798,3067.79989,4935.060311,133.7002875,740.2772889,17.01729605,3.197555066,2363.60789,1679.51545,11146.61641,464.2488585,25.69485379,10720.70974,442.5601502,2508.91741,307.5971805,1150.534933,17188.66468,32.98651218,1370.272624,43.31112783,628.1826513,4.142234001,1507.820592,13664.86307,914.4336492,27.89406745,99.63112617,260.6069328,42.25673175,413.1811424,77.62436602,2.455230168,10.52116134,653.7764454,0,1062.639071,114.8499936,14.6646624,2322.018332,267.550454,1171.358404,1740.222472,811.1082673,496681.8595,2420.953637,813.5158565,1558.624144,568.2176818,466.0619969,849.1402558,400.1430075,0,5061.022223,40.66738767,256.7928301,307.1389211,11.99573458,23.97189863,454.8227706,536.4754457,659.2463393,1042.904118,376.6569043,0,91.36490465,7039.805384,2992.105899,566.3851181,133.8411927,205.7460484,4645.301326,151.6912389,1898.394144,734.8348139,20.27044627,1324.740982,72.48071493,10485.58545,0.171487378,876.2872064,1006.539982,138.3126884,75.56523265,273.9102376,1854.185647,1670.354997,37.50547726,2194.3119,1088.490325,734.2483954,19880.35397,2344.861783,5009.024681,297.200788,28.3811882,339.1893805,15100.40517,585.3004784,2956.635024,25.7592831,22396.67619,921.0642395,28.33486583,17.94410497,23.09262511,285.2328351,4484.895596,6.872283634,2527.568497,38.29521504,11.85575568,1056.79856,0,3382.801228,1137.071155,320.3804176,680.7096898,4457.809596,603.6277176,551.1715312,3649.256009,8479.676641,2425.297297,2868.8847,2323.444001,142.5287971,312.3119071,19666.63996,64.3814087,1874.044227,1588.54582,88.27896358,52.81875598,812.8021564,2202.371927,7828.113248,56.57088446,782.6850127,479.0970944,33.33554088,31.96877474,521.2248495,0,1573.237887,230.2550473,21.90428855,2132.167284,1147.260722,960.7814939,5.289200107,15.00677812,87102.12059,142.776365,878.3482318,75.10742531,2875.180303,5890.889381,362.1968653,867.4402207,6932.682827,1885.260531,1329.466091,873.6307907,885.0757146,6.762607691,58.72813615,3177.917908,15970.72268,17628.77855,361.6747016,1064.32406,152.5523459,417.8107329,901.5687855,6716.9898,1379.130239,19.56802952,1224.905299,2678.96191,756.5655906,30.41370305,392.562433,4876.869787,695.0753831,3067.628887,467.8619716,176.5375141,271.4463166,1021.758971,634.9424801,11731.35048,279.2899406,395.9396574,769.4785787,278.9715514,37.04638469,2516.914142,284.4783931,19483.93875,1807.174265,355.6501028,0,3248.170577,3360.673037,872.9686118,1991.037649,29.77368097,3083.019506,159.7826949,135.9705197,571.3903969,11.58099012,718.7493118,2628.922484,39.60410953,98.46085826,480.9201817
406,decahydroquinoline,DHQ,Ants,257A,Y,"(2R,4aS,5R,8aS)-2-Allyl-1-methyl-5-((Z)-pent-2-en-4-yn-1-yl)decahydroquinoline",0,15.28,0,111.6700446,0,149.845632,0,126211.8536,223.3119075,540.4103977,0,0,241.3020604,28.17200586,0,0,261.1282917,662.855901,75.24856544,0,314528.7199,883.3940885,0,375.1414807,0,279.4176451,5741.762358,0,15.07317265,655.0441108,16.20649481,0,158.1872791,0,0,40.80975766,819.5771063,0,584.2707625,0,6.116013861,33.87020422,0,0,1486.860491,5995.245514,30.12754592,0,1782.311378,0,179.5783267,27989.13516,0,29649.06576,0,0,1820.674911,151.056553,338.5348011,379.6823695,343.7612159,152506.1951,14.92587318,0,356.4170501,15.01656126,0,425.5769145,0,198.643214,0,0,832.4165422,39.07653637,0,1396.369348,1803.833077,0,0,0,0,0,0,15.11444771,0,0,80731.10323,10.99575821,152.3482685,19.53423548,0,0,0,9952.241512,0,40.49596466,43423.78846,0,0,397.0803538,146042.6904,565.1259536,246.5915745,0,1385.290518,935.0479648,74.33315116,291.2220697,0,333.898167,0,108.7665191,5.327655857,0,463.5125419,0,0,0,0,0,12.27486858,4.059296928,1021.450709,24.40956235,14.57203857,3086.607011,201.2645374,139.353354,25382.26657,0,114.2614782,0,0,38026.09393,925.7950288,382.8056379,458.9920836,0,0,376.1047406,1391.452888,15743.01378,122.4808378,229.1746085,1136.782884,0,0,0,28.20485636,0,30.41074365,334.6831099,0,19.70837375,9.520033339,3239.159596,166.2515739,203.2928411,0,0,3315.897525,0,255.9734016,1065.866905,129770.0943,1039.503453,0,677.2848427,0,610.2705333,99305.58726,0,96.94001665,1.258971675,4.106336312,661.7280154,158.2461018,227.6202433,212.6957164,23632.93778,20.22204104,321.4399705,0,75.68705861,3801.990429,0,55539.08058,232.8583993,535.6778783,4.31227926,76.38703729,0,10.95621679,1833.955764,181.8612116,3051.314936,0,0,206.174906,0,536.3084528,19.45142416,218.1573944,0,0,0,55.73014294,8167.569543,0,0,0,0,0,0,72770.06995,14.30787743,65463.83509,0,0,13335.81778,0,27.61561898,0,0,77.69810442,161.7159973
410,pyrrolidine,Pyr,Both,NA,Y,2-(5-Hexenyl)-5-(8-nonenyl)pyrrolidine,0,15.61,259742.0619,285.9925885,3538.47309,1546684.806,13.54266562,4140.460585,814.4922731,673.6356846,14260.61054,3563.457553,531.0346103,10.15099043,24.2983237,26275.97071,1131.53308,23924.79751,3670.535419,2.650910882,4752.27632,527227.7164,103.0373394,805.6837531,1734.902355,165104.2565,326.8103853,21810.15005,8574.600514,132762.6798,4.230366916,1735.695917,742634.2353,967.96664,80.87015399,405.1896799,1319.258638,0,1293.901434,6860.148985,7.218703788,21.69258336,92.68060478,62.58214784,417.6335724,49.96096144,5110.319253,2957.074359,5382.87189,616.758162,520.8793964,183009.0681,472840.4027,466.6701717,3992.076934,782.6170817,83.17884055,118.5443414,1735.990273,831.601003,10372.71005,1125.547191,83928.28126,15.37097863,160.9371891,3.169718916,4.752081967,1739.690736,3582.841946,283.8313361,2028.430134,2154.720634,368765.0105,193.8960566,1083659.842,119946.6767,765.6617831,10.16843851,9.636505108,290193.9079,91.28915625,1564.5158,2315.723213,31.387396,935.0508606,2526.010774,1592.880656,5.404772912,371.0656579,30892.80047,10908.22708,9127.816498,30.15792182,546.4015567,2490.547229,67532.81643,327.9758129,1010.477346,2880.845667,4111700.638,4585.094863,68011.56615,1800.86569,110.3019402,361.0097714,55968.41898,5957.898634,461.5745422,12.06012931,18199.95021,2099.275847,8.32481575,168.6430113,9.727000757,1249.537822,4586.419829,98.58059609,453867.236,8.387310507,184.5727934,850071.7806,7.122020977,782074.5569,775.8898976,1623.74016,217826.5504,12282.53235,41.52140286,115.6442073,5350.493592,447468.2009,2501.050555,2078.083322,369.0489269,1725.320941,1016.666589,1011629.107,3955.208434,2819.921977,572.9770359,179.9129545,343.0543297,203480.4179,592.5401399,2351706.942,15.17717275,2769.092345,97194.26407,63.22740552,7.071657656,917.0895912,253663.7218,854.5395859,1563.495067,2.769445526,184077.3935,552.3325349,1165.334432,23.27855106,2.592141277,282707.1616,16.92795222,1696.958152,2018.435718,4166.177281,333155.5545,1150.93103,1362.947726,2199.875202,97991.93695,2107.624465,3334.003768,116237.962,2.077260522,3.650478634,478861.0361,15128.62966,96837.4476,2410.019678,4476.383147,8.589705452,1756.457985,1073.163116,995092.4296,117.8291599,95.45337709,332.860998,584427.4871,697834.5469,5.272746674,1625.7462,80563.91078,555.6097138,317730.1647,443.4216452,719.564044,6215.257482,2350.72228,2112.070684,506829.8133,1700.027475,92.62015678,1407.199472,2385.818843,4.866473866,1467.116191,2201.274471,989.3948484,4284.503751,1275.989805,143.6810285,2971.638532,749.8911134,4204.041094,2084.295387,5.078873618,3500.637867,10.40602722,698.4191007,1067.1178,32.77891734,452.4107349,220.26805,26.60127898,7.921795194,11576.62375
412,lehmizidine,Lehm,Ants,277A,Y,"5-Methyl-3-(non-8-en-1-yl)octahydro-1H-pyrrolo[1,2-a]azepine",0,15.68,0,28.36879168,71.68310656,10184.53339,32.50781504,375.4574233,55.59832491,254.9414529,440.575903,18.96465461,54.42000038,10.12083333,25.46358792,272.5175837,521.5837507,81.00180163,1015.710133,2.428270077,197.7091905,3999.580012,5.304344233,35.68280923,27.81748146,2485.891198,5108.344216,3673.102295,0,911.320533,20.1538923,21.45777018,1106.578231,20.27763586,2.131200591,18.79303859,38.02878955,9.216586767,21.92008944,109.7969233,8.289667619,8.5936044,156.2619732,3.968028047,84.10758923,25.96607904,1.190049716,1799.905645,53.69473999,1349.128809,25.89754613,340.5766001,4953.191834,76.55722992,11.59467138,302.194808,693.6131026,89.21798935,162.1293758,13.89557114,6.73163561,1007670.098,146.4812888,50.49744879,669.8840456,4.709188541,15.57070303,175.3081104,41.97408469,145.7723265,44.91298136,9.210753951,2392.48596,3.869905066,6276.500766,1504.056408,6.995594485,51.33845921,43.99941911,2422.92018,42.93109921,7.606816497,2.90585194,7.316664602,44.45204312,92993.97564,81.18284047,1.371053321,98.14278147,0,6.937252882,985.2339463,46.06097702,5771.286707,30.52618948,33.20444725,27.28683586,70.12800385,33.52718206,28341.81051,266905.4135,0,335.4113285,3.191937829,1036.493794,20.3395979,689.1693422,158.7417576,24.70651179,29.65888754,27.45856893,13.88758762,5.16634615,10.9248184,274.3512396,22.10075425,3.91566086,0,21.369272,1.512140834,2957.043342,2.115909637,8696.480963,403.0786635,419.997312,2730.052052,149.1064389,17.15485376,184808.661,59.34182404,5591.847096,12.13407289,224.5804074,27.97825818,65.87761115,89.42868401,6320.775529,0,10.09759543,60.0562338,396.3792926,11934.15234,662.274662,44.68734783,13478.07197,17.94421211,47.110844,27.96489022,17.98217707,19.50082398,63.81047711,1784.206648,38.53025451,45.21045553,249.4199603,2476.036874,57.02994827,27.16307972,1.57317672,2.954391112,3184.959472,43.62904721,46.40389469,75.57732857,780.7806211,485.1076345,100.8881936,4444.337525,83.99725861,4464.558807,457.9080487,65.80154753,1903.179309,6.656090873,14.42124863,4952.858503,701.9573201,1379.211075,17.59464597,401.5267521,21.93384754,1180.107425,37.81508337,0,536.0206636,6.069070092,350231.9519,3747.135432,5338.415217,6.609678176,19.80185718,37.48637205,29.77033897,6311.493298,24.90565502,19201.88156,3481.184978,56.1966907,35.73984688,8010.344602,58.36234041,19.72469238,51.67720792,390.3694669,8.637048818,353.1087133,61.61128076,149.8264525,51.57695611,60.31126622,1.67472164,22.66430215,774.1486372,64.75299994,122.9017407,2.826245597,66787.37937,41.70118888,97.84772964,25486.70868,6.243129775,22.85836532,830.9486009,15.27632129,36.24940636,501.2429816
415,pyrrolidine,Pyr,Both,NA,Y,2-hexyl-5-nonylpyrrolidine,0,15.74,31.40210714,156.2660068,462.5599125,317677.4685,0,0,81.17541559,273.9503645,1337.541811,282.197048,257.0747104,43.76214278,95.38417661,0,141.311362,430.4005909,1044.284172,0,189.6441145,7622.972859,0,93.63492949,222.3108644,103029.9142,47.43391393,0,1603.888893,1039.628484,3.133564849,148.2971238,15464.77537,0,1.405543969,49.78031471,324.1141844,13.06995335,214.8633955,17.64701228,2.667487423,14.25555831,91.76230785,0,208.657608,0,616.3568594,845.5078127,1295.608368,172.3739946,108.6182891,128.4198529,1391.19111,0,0,1325.594673,90.02169904,121.9440374,182.5261707,108.8276061,1171.96429,0,641.055901,0,153.1243929,50.42749842,0.641406035,377.8769249,146.1059625,117.4319925,321.2106008,94.02071305,8304.947642,3026.679011,15479.17786,33682.99082,0,30.94805066,35.73781776,8755.172345,20.57678556,533.9700777,3353.082745,0.744080415,120.836761,0,0,14.74021993,220.8504111,0,5702.43605,633.8816112,0,0,0,996.1213006,95.31883978,33.88924897,0,177586.9848,0,1310.195852,314.738157,0,24.11768849,3126.044686,277.2734672,0,7.126142229,1770.6103,0,20.23650369,0,0,0,0,0,5162.874132,1.483308243,0,307.6144675,4.12E-06,5971.465145,0,0,3801.090348,178.9616919,0,0,246.7897301,103652.2172,0,192.3784706,67.75839584,1796.847177,461.2908781,0,0,135.9598578,97.11373337,0,333.0335275,0,109.4477578,361418.8847,0,0,4599.89486,0,1.344008052,147.3247121,3202.311456,0,180.9094158,6.090412134,27717.32261,881.5967113,217.5820799,20.54989992,30.07482191,9625.944109,0,278.0343087,217.9828019,0,793.7649262,145.0596607,79.74951364,0,432.6264514,241.7650767,44.263371,1437.304319,31.75734325,19.4135102,89772.46232,0,0,62.90711857,311.0935741,0,498.8417771,0,312894.9149,1.109744324,0,0,79313.79602,0,57.33545967,179.5491819,1832.864897,133.4431643,1372.526487,184.907599,0,150.8746097,323.8156699,84.28797745,154636.8937,162.2656137,49.45882549,128.6470422,0,42.45990199,199.7929184,407.8804587,0,122.8093076,291.0449908,0,0,0,234.847547,0,53.21818945,119.276199,0,140.4282367,52.08168331,2.069726025,146.8612272,333.1505593,2.415072995,3.273950319,693.7453187
421,lehmizidine,Lehm,Ants,275A,Y,"(3R,5S,9aR)-5-Methyl-3-(non-8-yn-1-yl)octahydro-1H-pyrrolo[1,2-a]azepine",0,15.87,19149.74909,8.506606499,47.51306576,261.5362525,11.76937697,20.37198743,10.50498177,508.8593896,3403.075112,20.7588636,7.835866695,0,10.21497766,2211.118989,13.13158796,165377.4115,219.6466624,3.416850198,863.1324392,1055.595183,0.150604705,2147.315225,10957.74472,23.24875704,10265.52162,217.7887701,29.43245779,4979.006441,0,2990.780635,179042.8887,15.75073517,0.77939393,0,12.72502682,0.067714441,7.991304133,87682.80454,0,2.976057159,5.718052172,8.611711191,84.87633103,334.3332088,3.577386496,209946.367,2830.330369,19.11374803,6.988835174,667.0037332,0,11392.36839,18.11772275,3452.124011,38.759386,9.224980879,46.34948951,21.81907065,76.66264661,6941.853231,51.67627458,4.142806128,73.17445871,0.043608339,0,1130.913024,14.71262929,39.31821019,22.26488063,13.86910732,56197.79648,3.546391453,20.07147467,88.45616789,0,3.083771848,0.350678872,13025.40846,3.85732256,6.660700179,39.38449548,0.462742351,10.59426199,713.602612,369.6307596,0,283.1966504,3468.112259,15.12795572,46573.19902,0,13307.11561,9.404328256,40.98670851,232.6819203,5.712950858,26.59721066,6086.775935,2425.790077,5305.918634,57.14701416,1.951281977,41.00585253,174130.8194,269.7836898,17.73808116,4.391090331,23771.63226,23.01150731,19.40623022,0,0,17.02979912,18.14819828,0.618538083,205107.1217,0.131283099,27.85653983,3347.662858,2.72830702,261.3915039,8.753357586,24399.43413,2673.327411,17937.78709,0,2400.110963,32.60313073,86.31531985,14.72006767,89.19693143,12.21840809,6584.580767,0,17.93257489,27950.80022,9.71645222,2.885563972,4.531648613,274.9248134,2289.698011,1.33151448,163.0364049,5.549529117,14.0362721,94.67057098,0,0,4995.803172,37168.16738,5.580946214,3.542284476,0,2489.211975,2316.375778,0,0.601827761,0,80575.15192,3.631370581,3.495365726,8667.144803,732.991248,2344.700324,427.9729978,7698.560735,2.790972223,1182.965951,49.64454061,22.62762114,265.8899146,0,0.057716146,1436.469081,4.852506536,173722.3287,518.8193369,486.2685947,0,1.974863101,10.5953858,20803.79193,9.35896833,1.388291792,3370.280892,17.48958561,43.52944552,0,5196.853106,289.5489238,8.056546881,253618.9445,9.213025382,105.7282454,1365.359435,426.976729,68.33575676,57.79414525,109.7506221,0.42653406,1619.132036,20728.07802,6.200349359,4247.421997,16.19449269,13.85082239,15.67536955,8.433141319,0,11.8071515,83.63110005,57.72100535,313.0415901,0,808.192567,3.861300677,32.57233323,224.9111092,0,6834.379608,40.74849392,0,4.651306281,15873.4256
435,pumiliotoxin,PTX,Both,277B,Y,"(R,2E,6Z)-6-((8S,8aS)-8-Hydroxy-8-methylhexahydroindolizin-6(5H)-ylidene)-2,5-dimethylhex-2-enal",0,16.21,1909.266724,6171.715506,2758.682375,162.611772,246.7857995,771288.1321,0,5878.694191,2940.721104,4212.669703,4124.590869,108.6838157,1565.705364,0,873.4461619,5268.634002,6692.405044,238.3700194,441878.4097,1975.741349,606.8994813,2272.476168,930.1161054,2183.360231,18322.03686,6551.02875,0,4137.192104,0,12776.75066,7007.243507,0,1021.113303,807.4996004,4909.10284,431.8447687,4067.086699,1310.715869,0,778.137972,5368.802573,355.7652591,1528.256494,1640.90742,249.5823197,20217.71019,0,1128.403254,3516.951878,255418.6712,834.3197965,47887.54782,5972.101031,3491.248401,33628.46615,2450.824446,2559.046692,2720.209018,0,222351.8777,311.2931208,624.8843439,19951.44455,294.0357701,146.9542726,3136.561013,5139.086543,2811.260215,4713.524896,2908.243914,2241.467691,0,0,1130.03524,4848.322688,115.3611885,561.6730654,3232.161254,783.8804918,7245.850126,0,0,3424.845624,135474.6076,267661.7777,319.7666489,3383.967842,2577.599758,104.3510112,1779.714216,976.1830257,93186.69117,2489.468926,186.0625614,32647.34919,3789.63477,6590.030361,8327.198012,159648.4673,9916.967125,3377.881945,1019.63912,81354.66246,4426.019293,1000.340598,0,479.5852613,4434.863227,7554.976744,2689.384308,573.7144286,0.978268606,6854.38641,4596.862439,460.3144852,18118.25748,82.68288973,611.4820992,0,0,0,3661.356671,564.617924,2517.741904,145.3761063,560.4455637,27214.48251,21111.11415,1085.160625,4407.080656,4199.355561,37065.95266,3796.223863,4351.667021,14861.54449,761.7081138,4005.281441,1365.476796,1596.88924,1935.461619,931.4555696,10614.74706,3144.730682,235.6572917,4958.873962,91.43341721,1366.511921,200.7658002,3158.374279,13.03809098,7552.18695,5053.264072,124.3512268,1765.734924,931.7518013,1379.953888,475.5234596,65.65851202,32718.42039,243.1396028,2686.48943,660.0466843,881331.0874,3921.067217,3218.830367,136396.5357,4725.294666,3145.280154,190217.5857,7656.210988,4653.165937,113.3153907,0,695.4696277,1470.354066,1435.604208,208.8696647,586943.3069,257.2787051,11971.65503,1565.203667,1834.038065,23436.77591,3135.414612,180281.6508,1530.038597,4265.609048,202.7493145,3682.343191,0,1643.133226,474.3844925,1979.195615,58294.93445,12852.20709,12435.02127,1217.642002,593.483792,2347.674097,742.6606708,3185.023635,1081.341768,0,17529.47133,6524.745339,4329.010731,13952.55847,6149.986413,494.1399975,9539.097811,5007.922884,6028.761954,141284.3858,0,66094.65678,324.1001087,4779.405936,50153.38601,337.0286681,2525.44542,1918.222968,0,354.5656329,161.0242625
441,indolizidine,"5,8-I",Both,237D,Y,"(5R,8R,8aS)-5-Heptyl-8-methyloctahydroindolizine",0,16.42,4838.667784,0,0,0,57.51542176,37170.28801,286.0276286,0,0,0,0,108.6282672,0,6155.078504,0,0,0,0,42191.24728,4047.188713,372.1600981,0,0,103.6302128,38662.90046,0,53.44144486,0,123.9141129,0,0,0,0,0,0,0,0,0,0,62.64514426,0,0,402.8675494,0,0,0,0,0,0,5.770844131,0,0,0,353.3203321,17909.56036,0,0,0,64.87066594,20713.04615,123.7295562,57.40254815,0,0,0,0,0,0,0,0,0,0,0,0,230.4360958,0,0,227.3258521,0,0,0,0,0,23007.01069,21803.87944,137.1888415,0,101.0858987,82.66152352,195.9869397,185.5392682,10820.40719,1853.178347,0,0,0,0,0,16036.91566,0,0,0,4318.045189,1573.410872,17.26786255,0,0,0,0,0,0,0,39.05831991,5697.950543,0,5974.155606,0,0,0,0,4490.17629,0,0,8910.826907,0,0,15187.86354,0,0,2521.065372,0,0,0,0,0,570.9152228,0,0,47.26640096,0,9562.135909,0,0,51.43139149,328.9948973,0,0,0,0,2165.432293,0,0,0,2486.731578,0,0,0,114.9746179,0,0,0,240.6270091,454486.2807,0,0,0,0,5657.911464,2503.484603,0,0,0,0,0,0,0,0,5133.383069,0,0,0,3832.681418,23521.18934,0,18880.81665,0,0,0,0,0,0,15149.6715,0,100.3134566,0,0,0,0,1773.412628,220.8480507,0,0,141.6617246,0,0,1886.723663,0,0,0,837.887654,0,0,23145.47216,109.9139942,14915.41394,46.79932456,0,4559.963657,0,0,0,129.2847811,55.1145369,0
454,indolizidine,"5,8-I",Both,NA,Y,5-(6'-Hydroxy-4'-penten-1'-yl) 8-methylindolizidine,0,16.62,822.9691607,863.3786335,1055.079266,0,0,0,1669.68617,1764.376505,15.10264397,662.2725016,762.6896562,167.5832539,0,2925.683128,774.0574605,171.7756596,540.3673849,0,618.1031458,2476.479616,0,1198.260186,1675.721548,16.16500098,471.9476548,379.3228984,366.6659878,20516.62443,5.766114421,369.7522024,2.828924074,352.6838345,0,0,1377.855034,0,1140.90039,0,0,0,607.1255631,11.27646589,1218.055845,154.1233976,185.8100642,2762.796107,0,271.7345748,1793.247266,430.0545495,449.9479375,0,976.0646021,55.26105229,1743.960631,584.1816734,340.8224518,1176.065986,233.3212945,43.77439762,872.0071727,0,0,0,0,865.9061615,114.0265414,362.8590115,33.13294105,458.2697862,914.8384935,584.2786918,23921.51472,0,1252.341674,0,0,74.50925529,0,729.7710018,736.411425,0,32.0338553,7.554860156,1365.974501,5.285449235,976.7892907,1.849564432,1392.628686,9.056435469,0,636.6207078,0,651.6028356,0,463.9487908,2328.257147,0,22.54407258,359.9008155,1150.554992,0,618.3376456,69.44928,0,292.5461931,0,0,659.8024404,0,0,0,1311.879882,0,0,1343.297712,0,0,26610.843,0,392856.2709,453.3241654,0,992.8446623,60.08068462,0,0,150.3027361,47.96113959,410.8860103,0,0,1038.81105,1521.01837,96758.71995,10.80796526,726.558237,1425.470601,201.9537356,328.795786,2317.561394,545.4012413,3.832577038,0,1586.421048,1224.099198,0,0,1058.196988,189.6273781,203.5476723,812.3298247,0,1618.375373,951.7923786,984.4412151,6.542620345,24.95700897,454.9787266,0,1043.589003,1247.679701,212.0621866,1176.37545,845.4057034,691.8020971,1208.118048,7925.848946,0,410.4123008,16592.94921,0,0,0,2.883122429,24.09048355,400.9914608,1184.224621,0,376.1925263,325.9584112,80.01398764,0,0,3.188287475,163.1837832,790.454532,0,1043.051208,1463.561224,925.959697,159622.1003,0,0,0,0,1400.185895,0,1199.611902,0,530.444212,9.673257514,166.2270553,1570.925273,525.7126495,0,156.4967746,0,177.9472868,0,126.9320451,279.7283459,145.776579,0,1.639732288,0,319.2260655,305.3746653,0,0,710.6914623,0,0,23.494045
455,decahydroquinoline,DHQ,Ants,243A,Y,"(2R,4aS,5S,8aR)-2-Allyl-5-((Z)-pent-2-en-4-yn-1-yl)decahydroquinoline",0,16.62,0,111.5743215,145.3606584,66.82157243,0,74586.94066,2.017774069,104.7872747,9.047822535,198.6457585,89.02999157,0,0,384.0763983,107.0307155,193.7290898,69.11685977,5.987066978,11776.66233,0,0,106.7832173,447.3927074,46.25127404,9.86733799,233.0518712,0,61.26959909,9.061970604,149.941346,8.192638106,108.3953695,0,0,189.4185084,0,0,0,0,411.6097757,0,4.98530182,128.159435,0,1448.670407,138.5611166,0,0,0,10.62738687,0,0,0,124.17594,6211.594984,72.6358972,0,103.8382825,5965.890223,47.23245629,208.6118662,0,0,0,0,21.85130991,341.8135515,31697.41343,267.9605324,180.8843308,5712.233415,305.0201413,3536.032115,197.9745583,148.2668944,0,0,57.95060991,0,99.73293185,0,0,657.2799477,0,0,5.335077603,95.00499034,28.8186991,299.6663167,63.63299609,0,0,192.0692845,313.8284973,0,1924.440407,103.8630871,69.31975154,324.114203,2643.046891,0,0,96923.80135,88.20376224,2.65366521,0,0,8.832520976,7.491677987,0,0,0,0,0,0,359.1269654,0,0,103.3990039,0,0,154.6348923,0,52.32056626,57.65845174,0,0,168.5859867,664.9693172,0,0,16.80065191,0,206.0833556,54.88231101,18.14867852,92.40016209,0,0,0,799.0231804,0,89.53590775,0,146.0796798,0,0,0,87.77125984,195.9580407,0,0,0,0,1236.113625,0,1.263241006,12.77132854,0,0,0,110.1435697,289.5131672,143.7658997,37.68920108,0,0,2469.915919,33416.82397,130.7677874,95.60856262,0,0,91.97304441,59.21492141,0,0,61179.3668,0,230.077629,0,556.2237449,4797.638443,0,675.1580621,31.23230914,151.507163,0,100.1679204,7242.160332,0,0,43.14950064,0,114.538599,83.49914794,325.183257,42.62632564,134.4712427,0,0,8.365761675,0,0,87.17298062,137969.9692,140.6138299,0,0,0,0,164.4830774,21.93572746,6.439574911,7.350148081,0,32.39031605,0,0,89.16070783,137.3926072,0,0,16.74683559
459,decahydroquinoline,DHQ,Ants,269AB,Y,"(2S,4aS,5R,8aS)-5-((Z)-Pent-2-en-4-yn-1-yl)-2-(penta-3,4-dien-1-yl)decahydroquinoline",0,16.79,1448329.503,388.699709,334.1622168,0,17.935853,448059.3603,665.0395295,58.22437327,1338540.079,40.22254437,35.20453803,84.65247242,0,0,6886.00579,203.9235332,73899.82766,2.035629822,2364.816329,0,0,0,66.72276264,337.6040454,0,51415.90084,0,148097.7719,28.16713292,29495.60496,4035933.274,1855.837996,12.95154245,0,3684.518778,0,1851.462128,33759.29766,0,0,453.390807,10.88612221,970.3187841,0,21621.82834,0,261.0466405,640.9231129,427.7840763,0,0,0,0,0,401670.4872,109.6606984,253.0958287,1702.154101,102234.7321,0,27420.6613,0,197.0997372,0,0,0,321.6357236,681588.0999,0,52206.86614,21790790.19,53099.84172,445945.0477,0,209.8157791,0,0,0,0,374.2155381,92490.46651,0,0,0,669.3901896,0,106255.5216,87874.24148,30539.86519,1354966.112,0,0,675.7266209,115880.8111,0,579.8953574,313.0575781,265.1065551,0,351952.4616,0,2.8261593,4315474.545,0,30206.58619,244.2846487,2.464777807,0,51.95009025,0,24.43328807,3968.089233,0,1835.448297,0,0,0,0,564785.4483,0,0,0,1348.810324,0,184620.5541,0,0,0,0,649.7811616,596.7227472,0,288.9004813,2025.670804,2343206.346,2150.253948,0,413.3069151,0,1876.627937,0,437.8198699,0,0,0,19885.15434,59.38616199,0,32865.58079,1371653.956,89.02804966,204.9366114,37.68100657,0,300.7894242,289.4333793,0,0,31326083.95,7.039258335,541.9218306,26767.37464,939026.642,1932.407985,130.8207443,0,175.5910563,0,278109.7297,0,59399.97138,0,4.259091319,264.9002602,168826.7102,0,87.02639367,294142.1901,0,0,138.1243084,0,175962.0557,2.05058344,0,874.1755649,505891.7741,0,18980.23125,118998.2618,551.5458857,0,0,0,321.7796469,10.81279639,3863.125442,244.2173921,0,51.32230911,394.3008782,48921.91777,0,601.0456051,1396.355418,3672309.942,269.0278271,214.5079634,0,7.778330534,127.8899077,430.3310961,0,0,0,0,0,0,0,102.0749986,81.54935442,0,29.77255708,108753.4051
461,decahydroquinoline,DHQ,Ants,271D,Y,"(2S,4aS,5R,8aS)-2,5-Di(penta-3,4-dien-1-yl)decahydroquinoline",0,16.86,0,1277.644657,0,0,0,8204.744806,0,6151.226705,390.3302199,19471.15649,301.8533422,214.6931743,0,0,0,27100.16892,25181.8596,50.07837752,0,5834.277804,0,0,5816.828042,0,1106.844487,0,295.3517323,54547.14461,167.0886232,893.0576214,0,685.9815688,0,0,151.2248017,0,1588.114343,23969.47797,0,647.9708942,0,0,2439.186542,638.280669,19.73670386,26969.4686,0,1097.056178,577.9077991,4193.72863,0,2481.113209,55926.84149,12206.75149,10484.73019,0,0,0,1470.20323,5822.218587,0,0,1901.842286,229.8266899,0,4022.510408,20122.25231,20859.24973,3636.700127,2291.307788,0,5131.47443,108472.9618,35299.88517,2447.535115,0,0,6591.55362,0,0,1724.846996,1.842028208,4168.28423,1489.348413,3875.583619,188.5098956,1178.840942,154645.1646,367.9646204,36203.95343,0,416.8643785,2787.579053,527.1447849,1877.288504,4916.05263,4023.552592,0,5761.007447,0,0,621.6426372,162138.4739,6727.240477,36110.34576,0,0,0,17872.53552,13.58565117,0,0,0,22592.53964,357.1679751,26964.777,0,274.9331462,495431.0485,175.8283703,0,0,2209.687534,0,93866.93368,0,1059.791221,22893.49879,0,5751.357403,0,1185.501602,45.04029732,1782.870718,604555.024,0,16228.68173,0,364.2224271,753.7131554,182.0817956,0,51350.32738,0,0,196.5623355,0,201.6740159,0,0,5526.991994,0,0,0,0,0,2097.617087,111.7939241,1098.645312,0,2276.433317,0,19449.64483,1107.762663,2783.558635,1037.375493,3946.942385,0,1241.619754,33937.74449,40109.17513,0,59.07101825,0,115020.0799,0,0,8611.940066,0,4795.127001,0,2193.415448,6637.197965,304.4907399,2010.01752,0,721609.3825,286.6827472,0,2097.316298,912.0988648,0,733.5035512,265.7671981,24763.49164,29565.12326,0,0,0,0,0,96416.38673,0,1357.409257,0,79558.57164,18569.20797,3033.731482,0,20492.86813,0,16883.05517,2475.728825,55.95839606,4806.473306,0,6795.092469,635.2010137,0,461.9275714,2674.543868,257.5748388,0,83306.40852
466,histrionicotoxin,HTX,Ants,285A,Y,Histrioniconicotoxin 285A,0,16.94,15006.744,1345.544216,0,0,0,29516.73613,2111.41792,6415.181673,0,0,0,0,0,0,0,7236.796442,190144.195,0,3126.686194,0,0,0,0,0,0,2444.126395,0,50098.53959,0,0,0,0,0,0,0,0,0,31982.79883,0,0,1000.322244,0,0,0,441.0348323,0,2038.535126,0,2215.847728,115.5663412,0,0,0,0,8536.707048,1976.022463,1456.227104,745.2869523,681.400171,0,0,0,0,0,0,0,0,39570.80432,0,0,0,3927.309291,283082.4763,0,5021.926718,0,0,0,0,0,1453.386793,0,1331.101072,0,859.1836429,0,621.3320928,63795.33417,1248.976501,1326.434051,0,1475.187682,0,354.0175574,0,0,0,0,0,374074.7701,0,0,102285.1778,0,56568.51832,1034.300781,0,0,0,269.5047227,35.25702047,0,0,0,0,9536.223304,0,0,789871.2835,0,0,0,2489.687923,0,64848.26139,0,0,0,2125.050828,0,0,3580.536421,3605.192477,9607.828296,731877.7497,0,1149.791733,0,0,0,0,542.1754166,719.1232352,0,0,398.6076433,0,0,0,0,834.1287162,0,0,0,0,0,0,0,21694.46657,0,0,0,21131.49827,961.4670782,1287.590276,3807.70111,0,0,8823.20668,0,22802.8321,101.7006752,0,0,59908.75203,0,494.032272,12217.68939,0,0,0,0,4867.59924,0,1412.400363,0,996371.5221,0,0,5186.865578,0,0,264.414252,0,0,0,0,0,465.4720248,0,0,34289.23159,0,0,0,113745.8123,0,0,0,0,0,0,7981.2144,0,7181.482903,0,4942.650551,0,0,962.8317567,0,0,0,36549.52843
470,histrionicotoxin,HTX,Ants,291A,Y,"(2R,6R,7S,8S)-7-(But-3-en-1-yl)-2-(pent-4-en-1-yl)-1-azaspiro[5.5]undecan-8-ol",0,17.07,937943.6786,42100.10286,45238.96612,29564853.08,664.4772662,40645.4397,232002.8055,44723.5541,121188.8227,52852.21831,45253.82468,1001.930239,5126.809649,12148493.2,40331.07002,30489.80659,14911028.19,690.4851161,41039.03808,10878817.13,1903.804295,1011934.007,49853.07804,2309685.259,683689.1921,4043786.024,192287.6497,18684842.55,1237.640651,86679.44877,55452938.94,58385.88226,1468.013576,1909.387562,73724.08832,308.7164968,85107.17638,3132669.044,607.1032329,5265.818835,13544.63065,2943.292924,41633.13554,21452.30543,3786.024053,68059.49844,14269.00936,15128.86405,17442.65619,5015755.242,1272063.354,1796736.571,32957.37731,22260.77019,10560.82888,34827.38018,15107.43375,23164.84993,8862.0209,2483060.16,68436.54212,1852.763371,7964.912893,1533.295597,880.9536956,92769.51268,27399.9525,15698.83237,73200.46862,1551724.316,1304654.096,167644.6248,9334373.428,57320287.36,68708.93503,1081.245708,2076.943166,11146765.61,898.9164386,51399.66051,18858.28696,899.7260045,44141.56275,642135.2592,557929.5723,871.2256024,38168.32667,287775.0457,28704.18973,355441.924,7218.587225,2583227.252,20113.60894,55708.86172,1827573.343,17771.46705,21953.40726,6100224.373,3552661.684,26624818.38,124967.2441,3391.236985,65311.20483,25986.25621,591839.528,14365.78773,1649.817432,54585.24911,33541.97377,518899.1269,2625.616109,2762.414718,9667.29142,30290.16541,3012.866945,41238914.66,2796.478436,1648.030196,6920351.016,962.0044894,20642418.48,47804.3611,314857.0227,17891197.94,485714.7729,3272.895086,940939.3723,62825.62919,6229867.785,26635.12507,54691.20784,208490.7647,7992.009448,47236.39273,2435029.485,35061.36499,53845.43272,33824.06661,26885.3529,195954.0359,9180301.813,15705.26462,68156454.96,863.5055781,16551.84776,41921.93505,3992.995405,1259.29516,141384.876,523381.1327,20381.86089,4509.562216,571.4101451,756917.0608,5142.415698,17924.86563,3039.69238,1382.8445,770573.8597,1775.345661,51353.08474,10600.59059,14406.6802,163453.1171,22534.97138,5001749.762,23234.31642,3894491.533,182347.0101,36622.59019,117223.3216,625.6214835,872.6252828,40594549.26,5167935.566,18375682.09,4009.633857,116600.3597,1936.146861,64069.78811,21672.96306,13908544.68,11204.77859,4628.132019,2702246.545,1438391.336,1000410.587,282.3508271,108262.6811,31367.00988,32644.97237,250395.5227,50780.27558,1221173.25,45787.29898,48160.56547,30194.12514,10838469.92,1144875.992,1981.994537,10310.40376,248698.3332,1299.09001,22561.03019,97949.49771,96405.31412,43530.75764,18696.42981,2599.188084,19824.79514,30418.10332,116323.4773,3013366.152,1068.275432,2628594.538,1029.795538,48684.09429,111620.7557,383.0244024,30286.86576,50885.04889,1554.668356,1591.55484,486810.561
471,histrionicotoxin,HTX,Ants,285E,Y,Dihydrohistrionicotoxin 285e,0,17.15,4300946.055,10058.2894,2359.78711,137329.4954,111.5183835,767107.2217,4135.30104,15685.39812,345329.8034,12579.79431,13381.00754,135.9130974,142.3646848,50786.85097,7081.655724,5710.644835,46403.0338,92.33065644,255025.5034,93568.26922,5005.030835,3121.845538,11521.34441,15951.33967,10432.98746,6060.418786,2715.800371,0,0.002562545,32033.30567,49899.84155,10512.27381,2323.130226,1005.723075,21537.54173,169.2989695,4110.452329,209046.998,72.30910733,45.8969344,3221.584759,3246.533474,3515.675152,9685.233495,19234.24712,18382.75239,2143.598609,1186.860472,1339.959652,0,7570453.164,49622.31178,17377.13577,7033.333287,54549.31981,7620.436278,1756.348887,3355.472141,40111.54701,370057.5983,299372.5971,94.60950588,3047.604126,1169.638494,143.3322804,0,13277.26646,157523.7124,15315.10036,4845.682983,5293639.118,555923.6605,135071.3365,45263.06299,14222.65735,62.36849465,208.4986874,5330729.005,2.363745355,43093.72871,236671.4773,76.64151961,6246.958197,0,598569.0109,18.30227254,12677.96675,1127061.661,234258.4359,667802.2572,715.0286694,0,13826.70177,318779.913,38530.64611,2108.112534,21847.54011,55753.38044,112880.3408,33830.25637,778.2593451,7431.218696,727751.4976,19279.50985,433303.9553,0,2108.866435,542437.9373,11563.09949,0,2773.492388,6177.506213,1830.619436,21421.21293,5618.538898,223381.848,251.848468,2530.419843,1431248.537,221.470888,116266.6216,17480.3344,3707.147394,105462.102,1408972.034,3652.567613,26471.31423,17648.86641,24031.02214,15731.91974,1120.095323,203199.3596,1260.850494,5021.160316,2169617.031,35547.2507,11375.15709,1190.19155,969.0827135,8791.809285,38912.61666,923.5322801,0,36.93026668,9005.439721,180817.2923,2838.061582,66.40302527,20960.32783,2287100.583,5941.461968,921.922028,16.67146971,0,427.1101519,867.3122928,1262.817036,0,6483295.909,43.83634286,4028.985168,4755.275945,174358.6191,28056.63266,9889.294807,0,21171.21592,12189.91066,936786.317,10098.27196,132764.6881,153.9371485,24.14017991,196502.4357,517108.6485,65108.28186,2902.159324,613654.5135,119.9898193,27758.63344,1016.535209,150845.2721,22757.6081,1226.259819,54945.95633,8646.520614,3203757.993,1227.025428,8587.740651,182344.6526,9732.728615,7841.168135,8272.001599,0,20505.64496,9848.621693,10477.29228,24358.17635,0,2157.545234,1712.914128,860539.2348,0,2224.228491,2453.380592,1319760.931,22258.75671,4789.523997,2637.374688,16873.04167,8350.898238,19779.77654,62946.43153,14.35987536,62089.17491,33.95344777,9948.753295,30427.16947,86.88941787,11119.73231,12752.88703,41.69513691,0,683538.8383
472,histrionicotoxin,HTX,Ants,NA,Y,Octahydrohistrionicotoxin,0,17.15,27344.79785,524.5552926,694.3192907,646814.8977,14.10548311,9227.111581,279.3634479,3030.685747,2606.868017,2026.455055,967.356267,25.02639859,4.967044006,263229.1063,3465.20408,236.7736866,22560.33974,0,8420.380333,268982.9824,805.496554,158.1820614,1467.403002,82401.48091,8395.305898,355.7341651,901.278573,998692.6341,0.001248937,5232.36126,377205.39,660.9812308,323.2366815,277.2171223,2693.776893,0,565.8877597,44801.0571,5.477498038,2.520666695,223.586504,650.5229332,92.12619175,0,476.7904174,3016.198688,182.9240394,54.56832338,118.1225276,33064.70402,69391.94054,6714.813221,5663.276702,2339.10188,1638.619848,460.4172503,0,1329.764044,0,0,4171.892716,6.149651884,309.7295471,98.64366803,18.15721108,0,2547.421968,4168.240133,1060.070221,621.077006,0,2884.567432,15012.85453,1189762.732,785.3732197,4.790867961,33.97750155,0,2.674438642,7248.663485,5063.792275,10.78175525,805.7688117,8066.33278,6933.699442,2.001486788,2349.579063,23371.94859,2127.353917,4288.144524,49.96780948,8973.498925,376.8961409,5485.120741,10866.9431,11.7842432,5333.225521,154686.5936,12278.60017,1724148.169,452.8283461,1120.719312,5431.775689,1939.015832,14218.50441,0,300.3357198,9467.794438,3361.795049,7194.967432,264.2242266,539.3242839,462.3786311,3472.981329,994.8981907,790754.4995,25.46442938,598.3036629,45681.62849,18.70509637,405826.0927,1651.262054,4539.423609,344722.394,18789.11521,572.267914,5953.166741,3605.139115,165846.9684,2578.552155,817.685318,2283.660738,0,374.4802288,42403.86997,0,1741.329963,439.5126206,211.9251357,3903.083313,222193.1946,268.015062,704041.4248,1.859964497,1647.551614,2305.9388,285.5600479,0,2899.377495,9289.902705,1135.32696,0,7.528685134,31819.11573,142.360264,0,271.8023834,0.540934349,0,12.12159304,1287.555142,24.70761057,4711.615393,1566.627244,965.4337905,26824.11359,4520.609775,98669.51783,7760.031971,2539.689001,5009.211558,10.0077262,3.081883026,947207.0756,41965.36534,366787.3851,64.80687023,2274.880621,9.663793952,4229.880642,0,260871.6379,1591.195685,87.18504535,10189.50559,44933.1672,71622.98506,51.06450071,1267.652407,1249.269661,919.3464489,4447.0966,803.330861,8363.25021,2938.916815,1526.090442,1066.882848,254714.8994,43408.89329,290.9669649,134.9779039,12541.74883,0,0,1088.609319,19437.50191,4913.302895,1272.965964,352.4814323,3905.80601,1243.616893,2602.438034,17768.30973,45.50269838,20290.84082,2.6617435,976.730457,1635.996787,0,1808.726944,904.9713053,17.09392645,0,14950.98951
477,histrionicotoxin,HTX,Ants,287B,Y,Tetrahydrohistrionicotoxin 287b,0,17.28,887032.6672,4158.527932,1130.271121,0,0,49130.90981,1690.198678,5574.199772,40655.16643,1253.052747,0,0,65.15821581,0,0,10960.28645,5532.06379,0,9629.459592,0,543.3257875,69.29337491,7472.949097,0,1105.459901,0,2836.720899,0,0,8713.743393,1231570.882,0,0,488.7836975,3619.538028,0,6836.544031,65455.71519,0,0,303.950197,0,8970.104522,0,0,4557.577224,0,6046.756822,0,6617.872539,1635185.517,2214.78257,0,1376.366609,3028.28059,0,1352.413424,0,2829.368311,18326.89624,44257.29199,0,0,0,0,1829.509185,0,12969.57506,0,9191.777302,1239712.331,114170.9135,0,0,4095.68479,0,527.6712234,1512182.775,175.3528279,13292.97337,33063.1839,0,869.7959987,0,20117.25733,1217.033214,405.2060864,228002.566,32780.82841,170146.093,3723.329935,0,0,57897.84685,4059.684198,0,0,0,8039.917295,32695.16613,1509.65719,981.7753315,140414.9098,0,133983.3868,0,273.154703,88194.90384,0,119.9051878,0,0,1875.645035,0,0,454.9607916,0,12.10591831,371223.0505,0,0,11436.93859,188.8173777,0,273725.5725,0,61.81900674,16320.58661,0,0,22750.44459,11930.20416,2373.207416,6626.028588,486990.0249,2677.412218,0,9283.325089,0,0,2736.366974,1947.747847,0,0,0,29093.02766,2346.783549,0,1012.418775,381785.4706,0,0,0,4243.99258,820.942569,0,1301.357543,0,1294016.302,0,8849.132281,958.1583353,12703.40406,0,1325.140139,0,0,4693.313451,92093.21813,1932.17807,0,0,0,0,222308.1133,5645.700683,630.3908626,51366.17597,531.1051656,22987.43625,366.3867345,0,686.9871413,0,2545.044733,3498.810697,808223.0507,0,1142.197272,37486.3232,7932.786834,0,0,0,0,9305.537989,0,21659.06799,8103.613823,744.5538509,0,171145.3397,119.9567814,8242.192755,7243.616679,213544.7718,50.22691172,2935.722764,0,0,0,2257.938105,1925.501218,0,3274.488528,0,0,0,0,0,0,0,0,143285.2999
479,decahydroquinoline,DHQ,Ants,269AB,Y,"(2S,4aS,5R,8aS)-1-Methyl-5-((Z)-pent-2-en-4-yn-1-yl)-2-(penta-3,4-dien-1-yl)decahydroquinoline",0,17.38,465217.1053,4130.028797,10209.55868,32321.6062,24.76264097,9792218.26,4094.530475,9745.723483,44304.39733,11227.38126,12287.69338,1.215123221,4.972448475,38450.66944,914.8742475,5246.821322,32686.87701,0.21804814,4653814.557,29277.52858,215.5981196,6494.31708,6036.643443,15308.91684,149692.6671,19086.61346,243.2863348,27090.04814,2.01960933,9048.832151,503870.5662,10379.72931,205.3439131,24.29728269,14699.47528,36.31316142,4990.628963,25321.57137,424.3301213,14.26162409,5308.200715,190.7827543,2958.581506,12.804138,160284.7343,14045.08582,306.7197122,7587.41391,322.9196611,2165.395484,779024.7736,2015.634443,5924.732344,4929.46292,229596.2123,2157.037644,388.1249882,2037.777161,555747.6859,176663.0152,2207117.912,6.807948455,458.3208392,0.741152274,0.390894521,15224.56055,803.8063711,1609852.025,15382.57164,4356.441353,593258.8491,3767309.036,31230.86513,98305.41244,5569.401237,25.6408963,11.97002837,652621.5782,9.653679225,6153.943164,1648462.827,0.268643113,4264.190668,145.6848807,11255.92728,0.498513022,5211.74136,81379.22051,2195866.149,61878.23482,18.04621871,694.3109838,3335.457207,2041556.612,3168.576782,1853.972427,7183.524062,9975.044627,208572.8543,39575.08616,18026.22676,162.1379095,4474622.552,35032.83263,35841.03566,9936.379348,31.57809283,93508.38762,7959.120092,1433.991965,128.0514561,65681.84084,874.1859315,2143.153315,214.4132068,20432.4695,388.6371128,147.5836638,126849.6785,0.493488431,63510.41479,9930.268099,1482.921644,5409.523412,107473.3499,3078.75522,1367.495112,15482.86133,24004.48515,1655.528367,199.9525834,4691.307263,748.3522786,11795.6363,214508.2397,3962.632169,5126.673243,471.4693143,32.49307043,1018.874532,27873.34831,1529.624814,60435.81245,11.97595881,7560.893436,1709648.694,1502.05234,0.415946572,7504.628938,311211.5696,2769.434686,91.11199984,16.00811771,19013.72929,179.7591138,2493.159652,67.63668892,0.180671104,662895.8393,5.156875949,7652.733328,1078.048353,474266.4342,628.2389688,7625.116388,198.9051557,3972.376532,73092.21157,12778412.79,7900.916352,13471.43338,0.5840534,0.257835468,9884.59338,72221.11428,35056.93967,597.5657448,9560024.183,695.885788,4108.013028,7434.426717,19421.42069,258430.3915,147.6721043,5035.03021,27548.72716,283738.9483,28.19817954,8121.351234,1988360.316,2411.283931,1590.495436,4782.476529,41.8204758,3884.781995,4722.089838,2360.147239,18629.5748,7430.246799,12.47948393,531.2928672,58737.34338,3.241566666,650.7657356,5665.355903,12510831.47,7793.049912,308.3505851,205.7961857,2320.815011,1576.338259,787.1193734,4234.352419,13.11341995,2971.880757,31.65065847,1231.552288,882.1184048,26.7303824,2175.155161,3167.434222,5.109255722,8.825358416,57095.44588
483,histrionicotoxin,HTX,Ants,285C,Y,"1-Azaspiro[5.5]undecan-8-ol, 7-(1-buten-3-ynyl)-2-(4-pentynyl)-, [6R-[6.alpha.(R*),7.beta.(Z),8.alpha.]]-",0,17.49,12556625.86,25665.09606,11928.60278,54179.94489,968.7074514,1404701.577,25724.84196,8376.160852,1214898.697,37819.26547,30187.13288,293.8228755,5452.051127,33690.52141,5840.569879,22654.12333,61989.58019,347.785536,528520.7922,25310.12504,1263.38593,18390.80277,29838.92325,40004.93985,34122.14456,21336.96113,5822.626502,177987.0538,128.9386844,44469.72099,14285526.92,19494.0324,2611.992745,4677.484815,30768.45682,251.0614439,14074.45479,757147.0269,329.5705633,804.8858621,19001.97689,1333.739694,5678.938655,724.9319716,27860.89529,43505.04877,22553.53921,12105.3415,14404.556,7414.646154,19854246.32,5532.789115,33091.17623,41370.0264,66599.47827,4067.560455,20309.27093,4448.291113,79668.19792,78589.39779,457560.0808,2614.640098,14139.76181,625.9631852,405.7009248,21105.3212,29322.0667,234506.3277,37329.71911,31724.49284,16462123.77,896849.4356,204760.3081,34191.96935,3940.337244,1452.863173,2220.157551,19068126.69,5862.779764,50514.68104,371277.7731,547.7619443,28529.82435,5253.947941,64019.47719,94.93916298,34042.62753,2550771.31,395531.9163,1927358.226,2894.143071,7913.422568,30655.03318,519068.1561,6781.753486,8188.380625,19218.49193,46830.7948,63051.94313,290325.8945,22974.56212,4945.80522,1005991.272,38634.42476,1124560.669,14223.95897,2192.347905,1994585.629,31884.40424,5945.150659,1423.008995,11188.73668,16281.64161,34626.29696,2435.665748,62185.88403,1096.62263,2926.627744,3487543.366,85.73909624,40271.52452,35050.55492,51496.66829,53043.18439,3290858.505,4850.741075,7862.133481,33485.47435,88524.41705,31417.57894,55294.55117,8085.132168,8217.946715,18501.18013,4167743.316,135535.8814,33794.50113,9269.999493,995.5372281,2169.228656,39216.80925,32400.3863,84161.30925,1160.199163,17521.14664,305105.0697,4011.922416,287.5448298,29784.97683,7847998.03,10928.35911,4895.639441,282.1990928,25387.50021,6638.123985,21142.60367,797.4507396,226.8565935,17321919.34,2236.404318,33325.82009,28103.73329,176851.0904,3900.943715,16540.72356,5477.80188,37366.59906,41343.69799,1911922.447,54444.48891,152110.2154,73.60645807,625.5748089,54063.75342,2231991.112,36858.15349,2919.309693,1268975.058,1381.203956,131214.216,20397.70653,86461.25843,42157.10544,4871.189596,4794.830214,23070.29499,6870506.993,455.3996048,18093.20109,297054.9272,18858.89062,26956.78502,15048.32231,1751.124638,36706.10236,31979.42349,10751.59772,25131.33886,16877.34558,5852.07873,10102.20754,1859770.195,402.2428253,7309.467877,23158.69115,2081814.815,52922.43864,29306.34307,1957.980903,40029.03931,22726.46073,27069.78316,14478.81383,258.6771701,11305.87359,1067.676588,5646.722504,1775.283144,142.1236243,11018.70685,16831.45514,1092.714019,558.9954232,1791811.4
512,histrionicotoxin,HTX,Ants,283A,Y,"(2S,6R,7S,8S)-7-((Z)-But-1-en-3-yn-1-yl)-2-((Z)-pent-2-en-4-yn-1-yl)-1-azaspiro[5.5]undecan-8-ol",0,18.23,390558.6328,0,0,0,0,0,68484.30447,0,104596.1187,0,0,0,0,0,0,146083.3112,3839.446228,0,0,0,0,0,0,0,0,0,0,1117.318013,0,0,294694.2303,0,0,0,0,0,0,2475.035204,0,0,0,0,0,0,0,105707.8917,46642.53525,0,0,625.7962642,321744.0775,0,0,81722.25441,0,0,0,0,481.9595294,3156.373107,0,0,0,0,0,347.7374341,19803.08047,0,0,0,341277.3615,227.1448048,2830.382741,0,958.4614144,0,0,384261.6065,0,0,0,0,0,0,1152.044296,0,0,18110.40083,0,14180.46578,0,0,0,0,0,0,0,513.7078974,1770.092709,5157.93611,0,0,2069.957484,102703.8748,5810.565701,0,0,69041.09367,0,0,0,0,0,0,0,0,0,272.1673345,36046.38665,0,0,0,0,0,20503.94058,0,0,0,1878.098916,0,0,0,9533.610812,647.2610314,43150.67069,1446.985981,0,0,0,114.5640642,0,0,0,0,0,0,1.191508642,0,0,273378.797,0,2698.795559,0,0,5745.308489,0,0,0,876039.0322,0,1427.899285,25578.26937,4637.671579,2198.204642,0,0,0,0,0,30898.4706,3531.516815,0,0,0,18941.42409,140200.692,15129.73154,2875.144072,0,0,0,3254.986427,0,0,1535.25893,0,72341.03701,0,0,0,0,0,0,0,12416.07485,39732.73776,0,1465.288028,0,0,11115.36184,11240.09692,0,5440.237338,0,5946.409223,20123.98366,3444.998054,0,0,0,20236.57214,0,0,0,0,0,0,0,0,581.6253054,0,0,7468.601588
526,pyrrolizidine,"3,5-P",Ants,NA,Y,"3,5-Di(5-hexenyl)pyrrolizidine",0,18.66,5847.653257,0,0,0,0,1204.394181,652.9499119,307.9525063,7210.070032,0,0,0,0,562198.6567,0,7685.978079,750.5921494,0,777.9261339,47939.89214,13.66416205,0,0,5351.841806,0.283410261,2381.127981,155.3309478,1048.227585,0,0,4016.41726,0,0,14.18342104,0,0,0,131.2263576,4.050428142,0,443.7560844,0,0,0,0,9341.653501,0,0,422.6513839,981.6970975,1950.258995,0,0,314.0842051,30.07406561,0,44.60176618,0,0,1189.931809,0,0,15.98971793,0,0,0,26148.16117,758.9354773,0,0,36654.45395,0,1195.133609,2332.649505,0,0,13.50128283,1784.636894,0,0,12.83241812,0,0,0,62.95935049,0,0,145.6034203,10.69932812,108.4270326,0,522.7645944,0,0,9.385856113,0,0,0,15.26482627,2280.757801,0,0,653.6224637,1980.347724,51.61809641,0,0,370.8016084,0,0,0,8.328938071,306.8892465,44.33408208,0,1255568.785,0,0,28796.1526,0,470528.2648,192.6580469,29.45848097,14222.08811,81.01665814,0,67.3507646,5262.98859,0,0,337.1077605,13.69972279,0,205.438966,51.90989233,1396.207752,0,10.39740936,0,0,162332.8139,0,2111.240025,0,1344.059968,17.80078757,0,0,361.9133451,1469.582424,0,100.571518,3.712345985,10747.49956,0,471.8958427,0,0,2836.849143,0,0,177.3912206,1028.796065,0,0,0,1073.898173,177273.5643,416.8949143,1484.276418,0,0,0,6455.778748,153.1949369,3660.227932,0,1289.397469,2.946894177,666.8039527,66.67974883,42287.48361,50.66869031,0,28.27040038,0,524.880017,11.56536307,0,0,0,89485.18996,1127.756707,0,5982.985989,9961.708826,0,0,0,32.83267196,241.7572708,132.1374925,13.2353128,57.12426527,628.1210763,1613.161002,1319.068131,0,0,539.9624507,84.24146662,585.5349628,47.36305444,0,21.11217809,0,0,0,0,122.8613409,0,0,0,191.6850912